INSERT INTO public.actividad(descripcion, fecha_inicio)
VALUES 
    ('On funcional', '2015-11-06'),
    ('Circuito switching', '2015-11-08'),
    ('Clases de strong by zumba', '2015-11-20'),
    ('Clases de multifitness', '2015-11-21'),
    ('Clases de body combat', '2015-11-22'),
    ('Clases de body balance', '2015-11-24'),
    ('Body pump', '2015-11-29'),
    ('Clases de ciclo indoor', '2015-12-01'),
    ('Entrenamiento del core', '2015-12-04'),
    ('Clases de cross training - intensity', '2015-12-05'),
    ('Clases de gap (glúteos, abdominales y piernas)', '2015-12-06'),
    ('Clases de pilates', '2015-12-07'),
    ('Clases de kick boxing', '2015-12-11'),
    ('Tbc - total body conditioning', '2015-12-18'),
    ('Clases de zumba', '2015-12-19'),
    ('Ejercicio cardiovascular y fuerza', '2015-12-22'),
    ('Clases de hiit - entrenamiento de alta intensidad', '2015-12-26'),
    ('Clases de foam roll - estiramientos', '2015-12-28'),
    ('Glúteos up', '2015-12-29');

-- Sistema de Emisión y Facturación de abonos

INSERT INTO "public"."empleado"(nombre, apellido, direccion, sueldo, fecha_ingreso, gimnasio)
VALUES 
    ('PATRICIA BEATRIZ', 'MUDA', 'Dirección 0', 17465.11, '2015-7-5', 4),
    ('CLAUDIA FABIANA', 'PERINO', 'Dirección 1', 15959.26, '2015-10-3', 1),
    ('RICARDO ESTEBAN', 'CORDOBA', 'Dirección 2', 18355.57, '2015-8-28', 4),
    ('EDUARDO', 'IBAÑEZ', 'Dirección 3', 21042.53, '2013-10-7', 1),
    ('PABLO MARCELO', 'ROTTA', 'Dirección 4', 24521.26, '2015-3-1', 1),
    ('IGNACIO OMAR', 'PISATI', 'Dirección 5', 16231.62, '2013-4-27', 7),
    ('SANDRA BIBIANA', 'MERNES', 'Dirección 6', 21598.55, '2014-3-28', 4),
    ('NORBERTO', 'GOMIERO', 'Dirección 7', 20071.09, '2013-5-1', 2),
    ('ALEJANDRO JAVIER', 'CHAMORRO', 'Dirección 8', 23433.85, '2013-9-26', 1),
    ('HUGO ALBERTO', 'OCAMPO', 'Dirección 9', 24992.10, '2014-3-24', 7),
    ('BRIAN ALEXANDER', 'NASCIMENTO', 'Dirección 10', 24367.71, '2013-5-7', 1),
    ('GASTÓN', 'ZANUTTINI', 'Dirección 11', 20495.04, '2013-2-4', 4),
    ('EMMANUEL EDGARDO', 'MOREYRA', 'Dirección 12', 21676.66, '2015-4-22', 7),
    ('MARCELO FABIAN', 'HAIDAR', 'Dirección 13', 24164.13, '2014-6-16', 9),
    ('MATEO JORGE', 'BERTOLOTTI', 'Dirección 14', 17053.12, '2014-9-1', 5),
    ('VIVIANA OFELIA', 'RAMIREZ', 'Dirección 15', 24347.42, '2014-2-1', 2),
    ('LAURA RAQUEL', 'ALEGRE', 'Dirección 16', 22880.14, '2013-2-24', 5),
    ('ROMINA ANDREA', 'REZETT', 'Dirección 17', 19670.08, '2013-5-1', 3),
    ('SANTIAGO', 'AGUIRRE', 'Dirección 18', 20812.44, '2014-2-7', 1),
    ('NEHUEN MARCOS', 'ARMUA', 'Dirección 19', 23072.31, '2013-5-21', 3),
    ('CAMILO RUBÉN', 'BARGERO', 'Dirección 20', 24682.69, '2015-2-3', 4),
    ('ROBERTO JOSE', 'PAIRETTI', 'Dirección 21', 15545.61, '2013-11-4', 2),
    ('EDUARDO LUIS', 'KUZMICZ', 'Dirección 22', 18122.74, '2015-8-13', 5),
    ('CRISTIAN HERNAN', 'WAGNER', 'Dirección 23', 16306.72, '2013-5-21', 10),
    ('GABRIEL RICARDO', 'RUIZ DIAZ', 'Dirección 24', 22200.20, '2015-1-28', 10),
    ('JUAN GABRIEL', 'BOTTA MACIEL', 'Dirección 25', 19823.17, '2015-3-3', 7),
    ('IGNACIO', 'PERALTA', 'Dirección 26', 18253.32, '2014-1-11', 3),
    ('MARTIN JAVIER', 'MENDOZA', 'Dirección 27', 21308.25, '2015-12-11', 3),
    ('GIANFRANCO', 'GIORGI', 'Dirección 28', 15737.39, '2015-1-16', 7),
    ('LUCAS', 'OLMEDO SOSA', 'Dirección 29', 17020.02, '2014-3-2', 8),
    ('SERGIO ROBERTO', 'BELBEY', 'Dirección 30', 24813.21, '2014-2-12', 2),
    ('ARIEL IVAN', 'ZABALLA', 'Dirección 31', 16842.43, '2014-1-22', 4),
    ('LEANDRO FABIAN CAYETANO', 'BAZAN', 'Dirección 32', 23374.43, '2014-1-4', 7),
    ('MATIAS DANIEL', 'GONZALEZ TRIGO', 'Dirección 33', 21399.25, '2013-8-8', 9),
    ('MARCOS DANIEL', 'CACERES', 'Dirección 34', 24649.25, '2014-2-22', 3),
    ('GONZALO ANDRÉS', 'PLANES', 'Dirección 35', 20506.85, '2013-11-20', 6),
    ('GABRIEL MATÍAS', 'HERGENREDER', 'Dirección 36', 19917.57, '2013-1-2', 7),
    ('VALERIA ANAHI', 'GIL', 'Dirección 37', 21471.34, '2013-12-20', 8),
    ('NICOLAS', 'GALLO', 'Dirección 38', 18978.30, '2013-4-7', 4),
    ('MARIA INES', 'ROMERO', 'Dirección 39', 23823.97, '2013-3-17', 6),
    ('OSCAR ALEJANDRO', 'ZUCCOLI', 'Dirección 40', 24647.61, '2013-9-7', 6),
    ('MARIANO EMANUEL', 'SILVANO', 'Dirección 41', 18071.63, '2013-11-4', 4),
    ('JAVIER AGUSTIN', 'BATTION', 'Dirección 42', 22972.92, '2014-1-14', 2),
    ('BENITO WALTERIO', 'ECHAZU', 'Dirección 43', 19430.47, '2015-5-22', 9),
    ('MATIAS', 'POZZI', 'Dirección 44', 22343.63, '2014-1-17', 5),
    ('LAURA RAMONA', 'TOSSELLI', 'Dirección 45', 20890.26, '2013-11-14', 7),
    ('IVÁN', 'DORKIC', 'Dirección 46', 21221.93, '2013-1-14', 5),
    ('ESTELA GRACIELA', 'PEDROZA', 'Dirección 47', 21935.27, '2014-6-21', 10),
    ('CARLOS JAVIER', 'RIERA', 'Dirección 48', 15776.13, '2014-6-22', 8),
    ('ANDRES', 'LARDITO', 'Dirección 49', 22766.81, '2013-10-26', 9),
    ('DANILO MARTIN', 'PERGOLESI', 'Dirección 50', 17103.75, '2014-5-20', 6),
    ('MAXIMILIANO EZEQUIEL', 'PAUER', 'Dirección 51', 19171.18, '2014-1-11', 10),
    ('MARIA ALEJANDRA', 'BARRERA', 'Dirección 52', 16538.05, '2013-7-14', 4),
    ('PABLO MARCELO', 'INGARAMO', 'Dirección 53', 19254.58, '2015-11-8', 7),
    ('MARCOS', 'MICHELIN', 'Dirección 54', 21453.28, '2015-12-7', 3),
    ('VIVIANA ESTER', 'BERTACCHI FRENCIA', 'Dirección 55', 20640.29, '2013-7-22', 8),
    ('MAURICIO', 'SALVAGIOT', 'Dirección 56', 15889.62, '2014-11-26', 7),
    ('FRANCISCO', 'DE ORELLANA', 'Dirección 57', 15883.83, '2013-5-6', 6),
    ('FRANCISCO RAUL', 'ARAGON', 'Dirección 58', 23314.97, '2015-9-15', 4),
    ('VERONICA BEATRIZ', 'FREYRE', 'Dirección 59', 18821.35, '2015-6-5', 2),
    ('LUIS ANGEL', 'ESPINDOLA', 'Dirección 60', 19807.16, '2013-9-27', 9),
    ('VIRGINIA GUADALUPE', 'OLIVERA', 'Dirección 61', 18963.85, '2014-6-26', 10),
    ('MARIA LUZ DE ASIS', 'NICLIS', 'Dirección 62', 18535.07, '2014-1-11', 8),
    ('ANTONIO ALEJANDRO', 'ARMENTANO', 'Dirección 63', 15350.41, '2015-7-20', 6),
    ('CRISTIAN  ANDRES', 'VARGAS', 'Dirección 64', 15797.07, '2015-10-27', 6),
    ('GASPAR', 'RAMIREZ', 'Dirección 65', 23844.41, '2013-9-9', 10),
    ('BRUNO JAVIER', 'VERANO', 'Dirección 66', 24773.75, '2015-4-10', 1),
    ('FLORENCIA MARIANA', 'RE', 'Dirección 67', 18944.50, '2013-1-21', 3),
    ('JUAN PABLO', 'MANALI', 'Dirección 68', 23805.22, '2013-4-9', 5),
    ('CAROLINA ANA', 'GIACOSA', 'Dirección 69', 21316.42, '2014-2-16', 8),
    ('VERÓNICA SILVINA', 'RUIZ', 'Dirección 70', 15522.78, '2014-8-23', 10),
    ('GUILLERMO LUIS', 'CUTTELA', 'Dirección 71', 23976.95, '2013-4-5', 1),
    ('LEANDRO EXEQUIEL', 'EUVRARD', 'Dirección 72', 21675.30, '2014-8-2', 4),
    ('ELENA AMALIA', 'MARTINEZ', 'Dirección 73', 17154.26, '2015-3-8', 3),
    ('CRISTIAN ANDREA', 'BUSULARI', 'Dirección 74', 22598.37, '2014-5-7', 9),
    ('MARCOS ARIEL', 'PIZZIO', 'Dirección 75', 16748.38, '2013-7-5', 8),
    ('MARIO EDMUNDO LEON', 'SUAREZ', 'Dirección 76', 24404.64, '2013-4-13', 5),
    ('PALOMA', 'VAZQUEZ SELCI', 'Dirección 77', 19700.37, '2013-11-23', 2),
    ('GASTON ROBERTO', 'VIDAL', 'Dirección 78', 18481.05, '2015-11-22', 6),
    ('FACUNDO ARIÁN', 'DAULON', 'Dirección 79', 15407.92, '2014-4-8', 5),
    ('VALENTINA ELIZABETH', 'NASIMBERA', 'Dirección 80', 22847.24, '2015-10-11', 4),
    ('DANIEL ANDRES', 'SOIFER', 'Dirección 81', 16108.09, '2013-4-16', 5),
    ('MATÍAS EZEQUIEL', 'RAMIREZ', 'Dirección 82', 24900.45, '2013-4-15', 8),
    ('PAMELA', 'MARTINEZ', 'Dirección 83', 19630.92, '2014-8-22', 1),
    ('LAURA MARCELA', 'DANDREA', 'Dirección 84', 17817.33, '2014-4-23', 10),
    ('NATALIA NOELIA', 'ZANABRIA', 'Dirección 85', 17898.50, '2015-1-20', 1),
    ('JOSÉ GERMÁN', 'RUIZ MORENO', 'Dirección 86', 16819.19, '2013-12-12', 2),
    ('JORGE GUSTAVO', 'LARUMBE', 'Dirección 87', 16589.98, '2013-11-16', 8),
    ('MARTIN RAMON', 'VALORZI', 'Dirección 88', 20712.33, '2014-10-5', 1),
    ('MARIA JOSE', 'CHIAFFREDO', 'Dirección 89', 23936.94, '2015-10-12', 9),
    ('AMILCAR JOSE', 'COZZI', 'Dirección 90', 20884.74, '2013-4-25', 7),
    ('DENIS EXEQUIEL', 'GOMEZ', 'Dirección 91', 21844.33, '2014-6-4', 10),
    ('ANDRÉS', 'MARTINEZ', 'Dirección 92', 20878.00, '2013-7-18', 1),
    ('LUCIANA LORENA', 'FRAU', 'Dirección 93', 23939.06, '2013-4-7', 7),
    ('PEDRO CESAR', 'RAMIREZ', 'Dirección 94', 18871.97, '2014-6-11', 2),
    ('SANTIAGO LUIS', 'DAYER', 'Dirección 95', 22968.61, '2015-12-6', 9),
    ('GASTÓN LUIS', 'LUQUE', 'Dirección 96', 19328.06, '2015-2-4', 8),
    ('ESTEFANÍA ANDREA', 'BARION', 'Dirección 97', 19718.39, '2013-10-19', 9),
    ('JUAN CARLOS', 'DAYUB', 'Dirección 98', 24498.51, '2013-12-20', 6),
    ('DIEGO AGUSTÍN', 'ORLANDO', 'Dirección 99', 21346.40, '2014-6-20', 6),
    ('JOSE FABIO', 'PERESSUTTI', 'Dirección 100', 20990.03, '2014-8-16', 8),
    ('GABRIELA NOEMI', 'NICOLAU', 'Dirección 101', 19132.42, '2014-1-1', 1),
    ('MAXIMILIANO GASTÓN', 'GUIMAR', 'Dirección 102', 22422.68, '2015-1-18', 6),
    ('JOSE LUIS', 'RAMOS ZAMBRANA', 'Dirección 103', 21071.51, '2014-10-17', 9),
    ('AYELÉN', 'DIEHL', 'Dirección 104', 23892.70, '2015-6-26', 4),
    ('ARIEL FERNANDO', 'RUFINO', 'Dirección 105', 15538.03, '2015-5-21', 9),
    ('FRANCO NAHUEL', 'BURGOS', 'Dirección 106', 21367.12, '2014-11-18', 6),
    ('DIEGO OSCAR', 'ZORZÓN', 'Dirección 107', 22187.98, '2015-7-10', 9),
    ('GUSTAVO LIONEL', 'PASSERINO', 'Dirección 108', 23093.88, '2014-11-26', 2),
    ('MARIO OSCAR', 'VILLACE', 'Dirección 109', 24052.65, '2013-6-9', 2),
    ('MIGUEL ANGEL', 'PANIGO', 'Dirección 110', 17746.38, '2014-11-13', 6),
    ('VIVIANA BEATRIZ', 'ROTTA', 'Dirección 111', 16216.62, '2013-8-2', 6),
    ('NICOLÁS EMANUEL', 'DONZELLI', 'Dirección 112', 24374.99, '2013-4-5', 9),
    ('LEANDRO MIGUEL', 'OLIVERO', 'Dirección 113', 20256.36, '2014-10-14', 9),
    ('JOAQUÍN', 'CRIPPA', 'Dirección 114', 21207.33, '2015-4-7', 3),
    ('LEONARDO JUAN CRUZ', 'GÓMEZ', 'Dirección 115', 16726.79, '2014-9-16', 6),
    ('MARÍA ABRIL VIRGINIA', 'CATUZZI', 'Dirección 116', 18101.52, '2013-4-26', 9),
    ('ANDRES EXEQUIEL', 'DEBARBORA', 'Dirección 117', 22293.95, '2015-4-16', 4),
    ('NORBERTO AVELINO', 'GANDOLFO', 'Dirección 118', 19488.65, '2014-10-10', 2),
    ('WALTER ANTONIO', 'OSUJOVSKY', 'Dirección 119', 15513.79, '2015-4-25', 6),
    ('HÉCTOR GUILLERMO', 'BENEY', 'Dirección 120', 15351.10, '2014-3-3', 10),
    ('CHRISTIAN ARIEL', 'RAMIS', 'Dirección 121', 18805.33, '2015-2-11', 1),
    ('ROBERTO MARTÍN', 'VELASQUEZ', 'Dirección 122', 21699.67, '2014-4-26', 9),
    ('CATERINA AYLEN', 'CARRUEGA', 'Dirección 123', 17760.76, '2013-10-6', 8),
    ('EMANUEL', 'SIMBRON', 'Dirección 124', 22439.49, '2015-6-14', 7),
    ('DANIEL', 'HESS', 'Dirección 125', 19351.10, '2014-6-16', 3),
    ('NESTOR FABIAN', 'ESCUDERO', 'Dirección 126', 17735.39, '2014-9-6', 3),
    ('TULIO MARCO', 'LIBRALATO', 'Dirección 127', 20169.46, '2013-6-20', 4),
    ('CARLOS JUAN', 'CUCUCCIO', 'Dirección 128', 24471.41, '2013-9-3', 8),
    ('NICOLÁS ANDRÉS', 'ARMANDO', 'Dirección 129', 21792.60, '2014-10-21', 9),
    ('DAIANA MARIEL', 'RODRIGUEZ', 'Dirección 130', 16178.49, '2015-6-9', 3),
    ('JOAQUIN', 'LEVENTAL', 'Dirección 131', 19447.27, '2014-12-9', 5),
    ('DANIEL EDUARDO', 'PLATINO', 'Dirección 132', 18869.36, '2015-8-19', 5),
    ('PABLO ADRIÁN', 'BONET', 'Dirección 133', 16007.67, '2014-4-15', 10),
    ('NESTOR ANTONIO', 'FERNANDEZ', 'Dirección 134', 22968.68, '2014-7-2', 5),
    ('FACUNDO MIGUEL ANGEL', 'PORTILLO', 'Dirección 135', 15174.54, '2014-2-27', 9),
    ('MARCOS MARCELO', 'PERUSINI', 'Dirección 136', 19467.04, '2014-2-26', 7),
    ('JUAN PABLO', 'TORRES', 'Dirección 137', 20969.43, '2015-5-3', 5),
    ('MATIAS RAFAEL', 'DEBUS', 'Dirección 138', 20588.27, '2015-1-11', 10),
    ('GUSTAVO GABRIEL', 'POZZOLO', 'Dirección 139', 20895.62, '2015-4-4', 3),
    ('SEBASTIAN LUIS', 'MACAGNO', 'Dirección 140', 15300.50, '2015-5-12', 3),
    ('JOAQUÍN ARIEL', 'FIEREDER', 'Dirección 141', 18441.59, '2013-6-12', 5),
    ('GUSTAVO CESAR', 'DIAZ', 'Dirección 142', 20898.67, '2015-3-26', 5),
    ('MARINA BEATRIZ', 'MUZIO', 'Dirección 143', 15667.41, '2015-7-22', 4),
    ('JOSE IGNACIO', 'ROSALES', 'Dirección 144', 19456.73, '2015-2-27', 6),
    ('ALBERTO EDUARDO', 'ROSAS', 'Dirección 145', 17549.77, '2013-2-18', 7),
    ('CARLOS MARCELO', 'KRAMPE', 'Dirección 146', 24248.27, '2014-6-8', 2),
    ('DAMIAN ARIEL', 'BONVIN', 'Dirección 147', 18015.35, '2014-11-5', 1),
    ('ALEJANDRO ANDRÉS', 'RETAMAR', 'Dirección 148', 20731.36, '2015-12-21', 10),
    ('ALDO NICASIO', 'PRESSER', 'Dirección 149', 19055.81, '2013-3-3', 10),
    ('RAMIRO', 'BONCOMPAGNI', 'Dirección 150', 15103.46, '2014-9-25', 1),
    ('ANDRÉS JEREMÍAS', 'ACOSTA', 'Dirección 151', 24562.17, '2013-9-19', 3),
    ('MARTÍN', 'TAMAÑO', 'Dirección 152', 16359.38, '2013-1-12', 2),
    ('ADRIANA OFELIA', 'GRANDE', 'Dirección 153', 23476.54, '2013-1-18', 4),
    ('VALERIA IDA', 'MEDINA', 'Dirección 154', 20393.89, '2013-4-22', 8),
    ('MARICEL DEL PILAR', 'CANEVAROLO', 'Dirección 155', 19013.01, '2013-9-18', 5),
    ('PATRICIO ALBERTO', 'LUPPI', 'Dirección 156', 22180.69, '2015-10-8', 5),
    ('WALTER FABIO', 'DI MARTINO', 'Dirección 157', 19861.54, '2015-9-26', 8),
    ('MATIAS ALEJANDRO', 'VADINO', 'Dirección 158', 15183.51, '2015-11-7', 2),
    ('WALTER DAVID', 'AGUIRRE', 'Dirección 159', 21798.44, '2014-5-10', 3),
    ('DIEGO GABRIEL', 'GIRAUDO', 'Dirección 160', 21278.62, '2015-11-14', 10),
    ('LUCIANA PAOLA', 'BACCHI', 'Dirección 161', 16635.26, '2015-7-7', 8),
    ('SEBASTIAN DARIO', 'FERRER', 'Dirección 162', 22260.85, '2014-4-11', 5),
    ('FERNANDO ENRIQUE', 'GONZALEZ', 'Dirección 163', 21569.54, '2013-9-26', 8),
    ('RENZO OSCAR', 'PICCOLI', 'Dirección 164', 20979.00, '2013-11-6', 10),
    ('FABRICIO NICOLAS', 'RUIZ DIAZ', 'Dirección 165', 24192.29, '2015-3-15', 10),
    ('SAUL ERIE', 'MANATTINI', 'Dirección 166', 23637.68, '2015-1-11', 9),
    ('BLAS ESTEBAN', 'BESACCIA OYARBIDE', 'Dirección 167', 22396.84, '2014-7-6', 6),
    ('LUIS MARIA', 'EL HALLI OBEID', 'Dirección 168', 17482.58, '2013-2-12', 2),
    ('PABLO ENRIQUE ALBERTO', 'MONTYN', 'Dirección 169', 19416.55, '2013-12-12', 2),
    ('HERNAN MARCELO', 'TESSI', 'Dirección 170', 24681.82, '2013-12-21', 1),
    ('LAUTARO TOMÁS', 'GUY', 'Dirección 171', 24641.09, '2014-3-19', 3),
    ('LORENA', 'TRANGONI', 'Dirección 172', 23771.12, '2013-7-1', 9),
    ('MAURICIO FABIAN', 'BOTTO', 'Dirección 173', 21980.53, '2015-9-15', 3),
    ('CLAUDIA', 'CHAMUDIS', 'Dirección 174', 18240.34, '2014-4-25', 5),
    ('GASPAR LUIS', 'WEDER', 'Dirección 175', 24774.14, '2013-4-13', 2),
    ('GERARDO FABIAN', 'FERRARI', 'Dirección 176', 23994.66, '2015-2-26', 1),
    ('RICARDO JESUS', 'CARDONA', 'Dirección 177', 24816.68, '2013-7-24', 6),
    ('CELINA DANIELA', 'SPAHN', 'Dirección 178', 15706.34, '2015-4-18', 8),
    ('ALEJANDRO HERNAN', 'OLIVERA', 'Dirección 179', 17810.55, '2013-10-13', 10),
    ('JOEL', 'BAEZ', 'Dirección 180', 23079.10, '2013-5-8', 6),
    ('SILVIA ANDREA', 'LIEUTIER', 'Dirección 181', 16760.50, '2014-12-2', 4),
    ('NESTOR RAÚL', 'BERTONE', 'Dirección 182', 19911.53, '2015-10-23', 2),
    ('CARLOS FERNANDO', 'SIEYRA', 'Dirección 183', 22933.06, '2013-2-19', 8),
    ('ADRIANA MARCELA', 'MONTAGNINI', 'Dirección 184', 15808.97, '2015-8-8', 9),
    ('CLAUDIA LILIANA', 'CERRI', 'Dirección 185', 20693.53, '2014-4-4', 3),
    ('MARIANA ANDREA', 'ABRIGO', 'Dirección 186', 23415.56, '2014-2-3', 5),
    ('JOSE MANUEL', 'AGUIRRE', 'Dirección 187', 19729.84, '2015-3-5', 10),
    ('MIRTA MABEL', 'AAB', 'Dirección 188', 20033.94, '2014-2-2', 9),
    ('GONZALO MARTÍN', 'LISCIO', 'Dirección 189', 16559.73, '2013-4-6', 2),
    ('NANCY ESTER', 'ESPINOSA', 'Dirección 190', 22475.51, '2013-3-8', 2),
    ('MAXIMILIANO', 'HOFFMANN', 'Dirección 191', 15515.23, '2014-2-6', 4),
    ('MARIEL SOLEDAD', 'LEONI', 'Dirección 192', 22852.12, '2014-12-23', 6),
    ('ALVARO EDUARDO', 'GONZALEZ', 'Dirección 193', 20613.71, '2014-6-7', 4),
    ('RITA MARÍA', 'HANG', 'Dirección 194', 15720.66, '2015-1-2', 8),
    ('ESTEBAN JOSE', 'NAZZO', 'Dirección 195', 18403.47, '2013-5-22', 4),
    ('JAVIER', 'WALKER', 'Dirección 196', 21717.97, '2014-7-25', 5),
    ('EXEQUIEL DARIO', 'NAGEL', 'Dirección 197', 24095.67, '2013-5-27', 5),
    ('MARIO VENTURA', 'FRETE', 'Dirección 198', 22589.26, '2014-10-10', 7),
    ('JUAN CARLOS', 'AVEILLE', 'Dirección 199', 19801.93, '2013-6-12', 2),
    ('CAMILA', 'FLORES', 'Dirección 200', 22128.55, '2015-3-10', 10),
    ('ENRIQUE JAVIER', 'NEVILLE', 'Dirección 201', 15988.53, '2014-4-26', 7),
    ('CARLA MICAELA', 'GERMIGNANI', 'Dirección 202', 15661.07, '2014-10-13', 3),
    ('MARA CICEL', 'IMHOF', 'Dirección 203', 16732.41, '2014-5-5', 8),
    ('MARIO VICTOR', 'DIAZ', 'Dirección 204', 15504.48, '2014-11-16', 9),
    ('MONICA SUSANA', 'SCHMIDT', 'Dirección 205', 17851.62, '2013-1-23', 9),
    ('CARLOS EDUARDO', 'CASPANI', 'Dirección 206', 20229.29, '2013-12-13', 2),
    ('FACUNDO', 'PEREZ', 'Dirección 207', 19188.25, '2015-12-28', 7),
    ('JUAN IGNACIO', 'SARTOR', 'Dirección 208', 17199.31, '2013-3-23', 6),
    ('DIEGO MANUEL', 'CASLINI', 'Dirección 209', 24527.16, '2014-3-11', 1),
    ('AGUSTIN', 'SILVA', 'Dirección 210', 17060.81, '2014-5-23', 1),
    ('MARTÍN FEDERICO', 'ROMERO', 'Dirección 211', 24396.85, '2015-12-16', 7),
    ('MARIA EVA', 'VALENTI', 'Dirección 212', 16135.61, '2015-4-24', 6),
    ('ALEX JOSE', 'SEGAMARCHI', 'Dirección 213', 22602.07, '2015-4-8', 8),
    ('MARTÍN HÉCTOR', 'SCURATO', 'Dirección 214', 21486.40, '2014-2-26', 4),
    ('GONZALO NICOLÁS', 'OLIVAREZ', 'Dirección 215', 17295.91, '2014-8-27', 8),
    ('GUSTAVO DANIEL', 'NESCIER', 'Dirección 216', 22713.02, '2013-12-28', 6),
    ('SERGIO RUBEN', 'OTTA', 'Dirección 217', 21537.44, '2014-12-12', 9),
    ('AUGUSTO', 'PAREDES', 'Dirección 218', 21478.01, '2014-12-7', 10),
    ('NORA SARA', 'HARDOY', 'Dirección 219', 15788.05, '2015-5-2', 6),
    ('CAROLINA', 'QUIROGA', 'Dirección 220', 20455.52, '2013-1-9', 10),
    ('LUCAS GONZALO', 'MICHAILIAN', 'Dirección 221', 23925.34, '2013-4-9', 1),
    ('IGNACIO JOSE', 'PROFUMIERI', 'Dirección 222', 18353.26, '2014-3-20', 6),
    ('GASTÓN HERNÁN', 'FLORES', 'Dirección 223', 18993.99, '2015-2-10', 4),
    ('OMAR ISIDRO', 'FUX', 'Dirección 224', 15736.75, '2013-3-20', 6),
    ('FRANCISCO', 'BALMACEDA', 'Dirección 225', 15129.06, '2015-1-7', 3),
    ('BERNARDO', 'MARIANOFF', 'Dirección 226', 18361.37, '2014-7-22', 8),
    ('MIGUEL ANGEL MARIO', 'ALZUETA', 'Dirección 227', 16573.88, '2015-4-16', 6),
    ('LUIS MATÍAS', 'AZAGURY', 'Dirección 228', 22380.53, '2014-4-6', 8),
    ('YOLANDA BEATRIZ', 'CORONA', 'Dirección 229', 18847.91, '2015-1-23', 5),
    ('GUSTAVO SILVIO', 'BOTELLO', 'Dirección 230', 16016.44, '2015-10-21', 10),
    ('PABLO JAVIER', 'BELTRAME', 'Dirección 231', 17763.39, '2013-7-22', 7),
    ('EMILIANO JOSE', 'ALMARANTE', 'Dirección 232', 23595.55, '2015-3-11', 7),
    ('MARIELA CECILIA', 'HEINEN WALKER', 'Dirección 233', 18794.61, '2015-3-26', 3),
    ('GASTON OMAR', 'STÜRTZ', 'Dirección 234', 21398.83, '2013-1-3', 3),
    ('LUCAS EMMANUEL', 'MARIN', 'Dirección 235', 20858.39, '2015-11-27', 7),
    ('VICTOR', 'VINCITORIO', 'Dirección 236', 24681.90, '2013-6-17', 10),
    ('SILVINA SOLEDAD', 'RODRIGUEZ', 'Dirección 237', 24918.09, '2014-8-8', 7),
    ('NESTOR HORACIO', 'BACALOR', 'Dirección 238', 20020.83, '2015-10-25', 2),
    ('MARIA LIS', 'BORDON', 'Dirección 239', 21422.59, '2014-6-28', 4),
    ('MARIO GABRIEL', 'MARCÓN', 'Dirección 240', 15229.00, '2014-4-14', 7),
    ('GUILLERMO', 'LEALE', 'Dirección 241', 18724.11, '2015-4-7', 2),
    ('CRISTIAN JOSE', 'JACQUIER', 'Dirección 242', 15218.55, '2013-6-26', 1),
    ('NICOLAS LEONEL', 'CRAPIZ', 'Dirección 243', 18250.34, '2014-4-25', 4),
    ('GUSTAVO JAVIER', 'NICOLA', 'Dirección 244', 16219.88, '2014-6-23', 10),
    ('LIZ JAQUELINA', 'LOVEY', 'Dirección 245', 21285.55, '2015-7-18', 6),
    ('EXEQUIEL HORACIO', 'FASSANELLI', 'Dirección 246', 16739.37, '2013-1-11', 6),
    ('DIEGO ROBERTO', 'IGLESIA', 'Dirección 247', 21951.03, '2013-11-5', 1),
    ('MARIANO ABEL', 'MEDINA', 'Dirección 248', 21213.93, '2013-9-9', 10),
    ('CARINA ELISA', 'CONDORI', 'Dirección 249', 16902.27, '2015-11-4', 5),
    ('NADIA LUCIANA', 'SAYAGO', 'Dirección 250', 15583.86, '2015-10-25', 7),
    ('GRACIELA NATALIA', 'KIEFFER', 'Dirección 251', 15664.35, '2013-11-21', 6),
    ('GASTON SEBASTIAN', 'NUÑEZ', 'Dirección 252', 19488.78, '2014-11-10', 8),
    ('GABRIEL YOEL', 'BENSEÑOR', 'Dirección 253', 18756.93, '2015-10-8', 5),
    ('FERNANDO', 'PEREZ', 'Dirección 254', 20303.10, '2014-6-9', 9),
    ('LAUTARO NICOLAS', 'MERZ', 'Dirección 255', 15249.02, '2015-2-16', 10),
    ('RUBEN DARIO', 'GAUNA', 'Dirección 256', 18603.62, '2014-12-6', 7),
    ('FERNANDO GERMÁN', 'OJEDA', 'Dirección 257', 20637.17, '2014-8-8', 1),
    ('GERMAN GUSTAVO', 'POYANO', 'Dirección 258', 23539.97, '2015-10-22', 7),
    ('HUGO NELSON', 'PAEZ', 'Dirección 259', 21878.85, '2013-9-26', 10),
    ('JUAN PABLO', 'GONZÁLEZ', 'Dirección 260', 23654.70, '2015-1-2', 10),
    ('RAFAEL', 'AVILA', 'Dirección 261', 19638.69, '2015-3-20', 3),
    ('LUIS ALBERTO', 'MARIOTTI', 'Dirección 262', 21551.26, '2015-3-9', 7),
    ('ANDREA CELESTE', 'YAPPERT', 'Dirección 263', 23665.20, '2013-9-11', 7),
    ('CARLOS GUSTAVO', 'BETTIO ROUCO', 'Dirección 264', 17761.93, '2015-5-11', 1),
    ('ADOLFO UMBERTO', 'RAGGIO', 'Dirección 265', 24326.98, '2014-12-20', 3),
    ('IVÁN DAVID', 'CUDDE', 'Dirección 266', 16947.88, '2013-3-11', 2),
    ('DENIS ROMÁN', 'OSTORERO', 'Dirección 267', 16960.37, '2014-4-17', 7),
    ('SEBASTIAN DEL CORAZON DE JESUS', 'CARRION', 'Dirección 268', 18833.08, '2013-5-16', 5),
    ('PEDRO ERNESTO', 'COLLA', 'Dirección 269', 19167.91, '2013-7-27', 10),
    ('FRANCO ALEJANDRO', 'WELCHEN', 'Dirección 270', 19000.80, '2013-1-20', 1),
    ('GABRIEL LUIS', 'BOSIO', 'Dirección 271', 18305.24, '2014-7-7', 5),
    ('MARIELA VIVIANA', 'AUER', 'Dirección 272', 20262.64, '2015-7-6', 7),
    ('MAURICIO GASPAR', 'TRUCHET', 'Dirección 273', 20636.83, '2015-8-4', 6),
    ('GUILLERMO ROBERTO', 'BECKMANN', 'Dirección 274', 17257.97, '2015-7-10', 9),
    ('MIRIAN BERNARDITA', 'CERUTTI', 'Dirección 275', 16628.61, '2015-4-24', 7),
    ('RUBEN FERNANDO', 'ZAPATA', 'Dirección 276', 24109.68, '2015-12-22', 10),
    ('ENRIQUE FEDERICO', 'DENNER', 'Dirección 277', 22345.60, '2014-10-12', 1),
    ('JULIAN', 'MORALES', 'Dirección 278', 21538.51, '2014-1-24', 2),
    ('CLAUDIA VIVIANA', 'FLEITAS', 'Dirección 279', 15263.64, '2014-12-14', 3),
    ('DIEGO LEONEL', 'HOLDSTEIN', 'Dirección 280', 21019.10, '2015-11-10', 2),
    ('FRANCISCO DANIEL', 'CONELLI', 'Dirección 281', 19659.44, '2014-2-7', 3),
    ('FEDERICO DANIEL', 'TURAUSKIS', 'Dirección 282', 24657.72, '2013-7-20', 9),
    ('CLAUDIA LORENA', 'FABA', 'Dirección 283', 20664.03, '2014-12-25', 1),
    ('ALBERTO GERMAN', 'MANGANELLI', 'Dirección 284', 19184.53, '2014-11-7', 9),
    ('LAURA TATIANA', 'LEISS', 'Dirección 285', 17468.59, '2013-6-11', 8),
    ('ALEXIS SANTIAGO', 'ASCAINO', 'Dirección 286', 22617.51, '2013-3-2', 5),
    ('LUIS ANGEL', 'BIANCULLI', 'Dirección 287', 23378.40, '2014-12-22', 8),
    ('JORGE PATRICIO', 'URIA', 'Dirección 288', 22201.66, '2015-8-2', 7),
    ('ALFREDO SEBASTIAN', 'ACHKAR', 'Dirección 289', 21445.20, '2014-2-2', 3),
    ('LUCAS DANIEL', 'ACOSTA GONZALEZ', 'Dirección 290', 18792.54, '2015-6-2', 10),
    ('EDUARDO ALBERTO', 'SPOTTER', 'Dirección 291', 22539.05, '2014-8-16', 1),
    ('LUCIANO NAHUEL', 'BARRETO', 'Dirección 292', 17468.97, '2014-3-20', 4),
    ('AZUCENA MARIA', 'MONTOYA', 'Dirección 293', 22346.88, '2014-4-3', 10),
    ('JORGELINA DENISE', 'PERNA', 'Dirección 294', 24289.97, '2015-8-18', 2),
    ('JAIME', 'VELEZ', 'Dirección 295', 23233.61, '2013-7-13', 7),
    ('ROBERTO MARIO', 'CACCIOPPOLI', 'Dirección 296', 17318.84, '2014-2-12', 6),
    ('RUBÉN DARIO', 'MORZAN', 'Dirección 297', 23212.74, '2015-4-4', 2),
    ('MAURO  LUIS', 'VARAS', 'Dirección 298', 17922.91, '2013-9-14', 8),
    ('CESAR MANUEL', 'GIMENEZ', 'Dirección 299', 21197.96, '2014-2-6', 3),
    ('ANDRES AMILCAR', 'ANCA', 'Dirección 300', 21561.90, '2014-9-12', 9),
    ('ANGEL EMMANUEL', 'BATISTA', 'Dirección 301', 21024.53, '2013-5-22', 5),
    ('RAMON HORACIO DANIEL', 'PEREZ', 'Dirección 302', 23357.47, '2015-7-18', 7),
    ('MARÍA ALEJANDRA', 'OSUNA', 'Dirección 303', 17918.96, '2014-6-14', 4),
    ('ROBERTO CARLOS', 'FERREYRA', 'Dirección 304', 24681.07, '2015-2-1', 5),
    ('DAMIAN ALBERTO', 'CAVAILLE', 'Dirección 305', 24327.22, '2015-11-4', 1),
    ('HECTOR GREGORIO', 'KRINISKY', 'Dirección 306', 19129.98, '2014-9-19', 3),
    ('EMILIANO NAHUEL', 'ZEITER', 'Dirección 307', 17203.11, '2015-12-28', 5),
    ('JUAN PABLO', 'PERCARA', 'Dirección 308', 20893.45, '2013-1-28', 4),
    ('FRANCISCO ADOLFO', 'BRAVO', 'Dirección 309', 21235.18, '2013-2-23', 2),
    ('ANDRES', 'CARBALLO', 'Dirección 310', 20763.74, '2014-11-22', 4),
    ('EMILCE NOEMI', 'FABA', 'Dirección 311', 23625.97, '2013-10-14', 1),
    ('MAURICIO JOSUÉ', 'ESCHER', 'Dirección 312', 17160.11, '2013-8-14', 10),
    ('SANTIAGO JAVIER', 'GONZALEZ', 'Dirección 313', 16269.95, '2015-4-15', 5),
    ('FRANCO ANTONIO RAMÓN', 'BREST', 'Dirección 314', 15312.07, '2013-7-12', 6),
    ('GUSTAVO GABRIEL', 'GAMBOA', 'Dirección 315', 22739.11, '2014-4-26', 8),
    ('JOSE IGNACIO', 'PEREZ', 'Dirección 316', 16339.35, '2014-5-4', 7),
    ('GASTON SEBASTIAN', 'DORIGO', 'Dirección 317', 20645.45, '2014-9-3', 7),
    ('ESTEBAN EDUARDO', 'ALONSO', 'Dirección 318', 19297.09, '2015-5-28', 4),
    ('RUBEN MARCELO', 'SILVERO', 'Dirección 319', 15764.67, '2013-3-18', 4),
    ('ALEJANDRO ANTONIO', 'VIGANOTTI', 'Dirección 320', 18748.44, '2013-12-7', 1),
    ('ADRIAN SEBASTIAN', 'LUNA', 'Dirección 321', 17780.72, '2014-5-25', 6),
    ('SEBASTIÁN', 'RÉ', 'Dirección 322', 15446.45, '2015-10-15', 2),
    ('TOMAS RODOLFO', 'BRUSA', 'Dirección 323', 23625.31, '2015-1-21', 2),
    ('GERMÁN RAÚL', 'CASADO', 'Dirección 324', 15331.90, '2015-4-8', 1),
    ('PAULA', 'DE GRAZIA ARMELLA', 'Dirección 325', 23459.29, '2014-9-25', 3),
    ('MARCELO ALEJANDRO', 'LUCERO', 'Dirección 326', 19524.00, '2014-1-1', 9),
    ('ROSA ISOLINA,', 'IBARRA', 'Dirección 327', 23797.70, '2013-2-8', 4),
    ('CELSO DANIEL', 'MAURENZI', 'Dirección 328', 21260.74, '2015-6-23', 5),
    ('MARIA FLORENCIA', 'ALEGRE', 'Dirección 329', 18364.44, '2015-6-8', 1),
    ('ADRIAN EXEQUIEL', 'ESPINDOLA', 'Dirección 330', 22442.76, '2014-1-23', 10),
    ('ESTEBAN', 'ZACUR', 'Dirección 331', 15045.45, '2013-11-21', 4),
    ('GUILLERMO MARTIN', 'MUCCILLI', 'Dirección 332', 15509.81, '2014-11-23', 9),
    ('NICOLAS ALEJANDRO', 'MARTIN', 'Dirección 333', 21478.59, '2015-12-22', 9),
    ('ERNESTO RUBEN', 'BAIZ', 'Dirección 334', 15945.39, '2013-2-18', 1),
    ('CLAUDIA PATRICIA', 'IMFELD', 'Dirección 335', 19576.00, '2015-3-2', 8),
    ('JUAN MARCELO', 'MUCHIUT', 'Dirección 336', 18893.68, '2013-5-4', 8),
    ('LIDIA AGUEDA', 'MORETTA', 'Dirección 337', 18051.45, '2015-7-18', 5),
    ('MAURO JOSE', 'MARTINEZ', 'Dirección 338', 19701.74, '2014-11-15', 7),
    ('JOSE LUIS', 'GRIGOLATO', 'Dirección 339', 22886.92, '2014-7-4', 10),
    ('ALEJANDRO NICOLÁS', 'JAGOU', 'Dirección 340', 22434.51, '2013-5-15', 10),
    ('MATIAS LEANDRO', 'MEIER', 'Dirección 341', 22503.68, '2014-8-15', 2),
    ('ANGEL RAUL', 'RODRIGUEZ', 'Dirección 342', 16773.93, '2014-3-25', 7),
    ('WALTER HERNANDO', 'KNUTTZEN', 'Dirección 343', 23350.75, '2014-11-27', 10),
    ('PABLO EMANUEL', 'PAGANI', 'Dirección 344', 17839.57, '2013-3-24', 2),
    ('JUAN CARLOS OSVALDO', 'DIAZ', 'Dirección 345', 15500.61, '2013-4-13', 1),
    ('RODRIGO JAVIER', 'SCARPIN', 'Dirección 346', 16075.46, '2014-11-10', 2),
    ('ELÍAS FERNANDO', 'VILLOLDO', 'Dirección 347', 21362.27, '2014-11-28', 7),
    ('AQUILES DOMINGO', 'KOBIALKA', 'Dirección 348', 24267.85, '2015-3-6', 1),
    ('NICOLÁS EXEQUIEL', 'SCHMIDT', 'Dirección 349', 16388.35, '2013-8-9', 8),
    ('GALA MARIEL', 'PASUTTI', 'Dirección 350', 15516.26, '2013-12-28', 7),
    ('ALEJANDRO FEDERICO', 'CARRUEGA', 'Dirección 351', 22331.13, '2013-6-7', 2),
    ('MARINA SOLEDAD', 'GOMEZ', 'Dirección 352', 17632.55, '2013-12-12', 5),
    ('SANDRA EMILCE', 'BEROIZ', 'Dirección 353', 19601.46, '2015-6-9', 3),
    ('DANIEL AMARO', 'SCAREL', 'Dirección 354', 16817.09, '2014-7-12', 9),
    ('JULIETA', 'MADOERY', 'Dirección 355', 20896.27, '2013-8-20', 8),
    ('ARIEL ALFREDO', 'SCHURRER', 'Dirección 356', 16185.95, '2013-2-16', 1),
    ('CARLOS EXEQUIEL', 'MENDIETA', 'Dirección 357', 17165.18, '2014-11-8', 5),
    ('FRANCISCO GABRIEL', 'ROMERO', 'Dirección 358', 16152.48, '2013-1-6', 10),
    ('ARIEL', 'MONTERO', 'Dirección 359', 19480.78, '2014-2-25', 6),
    ('SEBASTIAN MARTIN', 'DELGADINO TAVERNA', 'Dirección 360', 23902.17, '2013-7-20', 4),
    ('ALEJANDRO ADRIÁN', 'CEBALLOS', 'Dirección 361', 17193.83, '2015-6-17', 9),
    ('MARTÍN SEBASTIÁN', 'MERLO', 'Dirección 362', 22051.91, '2015-9-23', 7),
    ('JOSE RAMON HOMERO', 'CHAMORRO', 'Dirección 363', 24636.87, '2014-11-26', 3),
    ('MARIELA ALEJANDRA', 'SOLANO', 'Dirección 364', 17583.28, '2015-11-7', 3),
    ('JUAN PABLO', 'SCHNEIDER', 'Dirección 365', 22138.28, '2015-1-9', 7),
    ('JUAN ALBERTO LUIS', 'CHIALVO', 'Dirección 366', 19665.58, '2014-11-26', 2),
    ('ZULMA VIVIANA', 'CHAVEZ', 'Dirección 367', 21748.88, '2013-3-4', 7),
    ('RUBEN DARIO', 'SANMARTINO', 'Dirección 368', 16093.15, '2015-12-25', 2),
    ('ANALÍA SOLEDAD', 'BARROSO', 'Dirección 369', 24029.49, '2015-12-28', 9),
    ('ROMINA ALEJANDRA', 'RIOS', 'Dirección 370', 19774.46, '2015-9-24', 5),
    ('FABRICIO JAVIER', 'CAPUTI', 'Dirección 371', 24267.17, '2014-10-16', 6),
    ('EMILIANO', 'PUNTIN', 'Dirección 372', 24690.85, '2013-5-28', 10),
    ('RUBEN ANTONIO', 'GUTIERREZ', 'Dirección 373', 18731.62, '2014-1-15', 1),
    ('EMILIANO SANTIAGO', 'RINAUDO', 'Dirección 374', 22152.57, '2013-10-14', 4),
    ('FEDERICO', 'LEIBOVICH', 'Dirección 375', 21127.98, '2015-6-18', 9),
    ('FACUNDO ROMEO', 'QUIROLO', 'Dirección 376', 16240.96, '2015-1-6', 2),
    ('VIRGINIA GUADALUPE', 'SALERNO', 'Dirección 377', 16806.57, '2015-9-9', 1),
    ('ALEJANDRO ESTEBAN', 'BUDE', 'Dirección 378', 21878.12, '2014-11-17', 7),
    ('EDUARDO ARIEL', 'MENDEZ', 'Dirección 379', 20661.09, '2014-12-26', 4),
    ('NÉSTOR MAXIMILIANO', 'OYUELA', 'Dirección 380', 20001.52, '2015-7-9', 6),
    ('ANDRES', 'DUVERNE', 'Dirección 381', 24679.32, '2015-3-10', 2),
    ('ADRIÁN EMILIO', 'PRADA', 'Dirección 382', 23073.85, '2013-10-23', 4),
    ('LUCIA JULIETA', 'ROBLEDO', 'Dirección 383', 17778.64, '2013-11-18', 4),
    ('LUCÍA', 'BRUMNICH', 'Dirección 384', 21931.86, '2013-2-6', 7),
    ('JUAN JOSE', 'IMAHORN', 'Dirección 385', 22391.02, '2015-9-5', 6),
    ('OSCAR SALVADOR', 'RUSSO', 'Dirección 386', 19086.72, '2014-9-13', 2),
    ('NICOLÁS JAVIER', 'WEGHER', 'Dirección 387', 17615.74, '2013-11-22', 3),
    ('LUCIA CATALINA', 'NIGRO', 'Dirección 388', 18861.06, '2013-5-20', 7),
    ('CRISTIAN GUILLERMO', 'RODRIGUEZ', 'Dirección 389', 21468.24, '2014-8-27', 4),
    ('JONATÁN EZEQUIEL', 'SCHÜTZ', 'Dirección 390', 23283.34, '2015-8-28', 1),
    ('KEVIN ANDRES', 'DEBINSKI', 'Dirección 391', 16473.02, '2015-8-7', 8),
    ('GISELA', 'SÁNCHEZ', 'Dirección 392', 17189.51, '2015-2-16', 1),
    ('SANDRA DANIELA', 'VILLAMANDOS', 'Dirección 393', 20960.40, '2015-10-24', 1),
    ('CRISTIAN DANIEL', 'FEREZIN', 'Dirección 394', 21943.98, '2014-12-16', 9),
    ('LEANDRO LUCIANO', 'FINOS', 'Dirección 395', 21712.05, '2014-4-24', 7),
    ('EDGARDO JOSE', 'NAZZO', 'Dirección 396', 23090.31, '2015-4-11', 9),
    ('JOSé BERNABé', 'CALí', 'Dirección 397', 18682.71, '2013-3-19', 5),
    ('ANDRES ARIEL', 'FAES', 'Dirección 398', 24830.77, '2015-11-21', 8),
    ('VERONICA GABRIELA', 'SEIB', 'Dirección 399', 18704.28, '2014-6-17', 7),
    ('MATIAS AGUSTIN', 'MARIN', 'Dirección 400', 23961.68, '2013-11-16', 7),
    ('GUILLERMO EDUARDO', 'ALONSO', 'Dirección 401', 20496.52, '2015-1-8', 5),
    ('LIA VERONICA', 'GUTIERREZ', 'Dirección 402', 16278.23, '2013-11-25', 4),
    ('SEBASTIAN NICOLAS', 'INGARAMO', 'Dirección 403', 16789.16, '2014-1-22', 4),
    ('MARIO NORBERTO', 'CHIARVETTI', 'Dirección 404', 22221.02, '2014-6-2', 2),
    ('LUCIANO RICARDO', 'ARRUA', 'Dirección 405', 22547.18, '2015-8-24', 4),
    ('JORGE JAVIER', 'GIAUQUE', 'Dirección 406', 20464.00, '2015-10-15', 7),
    ('GABRIEL ENRIQUE', 'ZORATTI', 'Dirección 407', 20674.17, '2014-10-16', 6),
    ('HUGO ALEJANDRO', 'NUÑEZ', 'Dirección 408', 17275.90, '2014-4-8', 2),
    ('RICARDO', 'BAUSELA', 'Dirección 409', 20727.23, '2014-10-19', 1),
    ('CARLOS DEOLINDO', 'COSTA', 'Dirección 410', 21941.05, '2015-1-4', 6),
    ('ESTEBAN ANDRES', 'MARTINEZ', 'Dirección 411', 20633.57, '2014-8-25', 2),
    ('SANTIAGO', 'GUNST', 'Dirección 412', 15930.14, '2014-9-1', 7),
    ('LISANDRO DAVID', 'GALLEGO PERALTA', 'Dirección 413', 23103.44, '2014-3-28', 9),
    ('GONZALO MATÍAS', 'BOLLATI', 'Dirección 414', 23721.29, '2013-3-28', 8),
    ('FERNANDO GABRIEL', 'ARMANDO', 'Dirección 415', 22024.54, '2013-10-14', 1),
    ('AGUSTIN', 'ANDRADA', 'Dirección 416', 23683.39, '2014-1-2', 3),
    ('SERGIO DARIO', 'BARON', 'Dirección 417', 20179.84, '2014-4-21', 4),
    ('CARLA LORENA', 'SALAMONE', 'Dirección 418', 15218.57, '2013-6-7', 9),
    ('DANIEL OSVALDO', 'CERNOTTO', 'Dirección 419', 17445.68, '2014-8-17', 1),
    ('ARIEL ALBERTO', 'ASENSION', 'Dirección 420', 21182.89, '2013-6-25', 1),
    ('ROMINA DANIELA', 'ROA', 'Dirección 421', 18723.14, '2015-11-8', 10),
    ('NICOLAS AGUSTIN', 'SARTORI', 'Dirección 422', 17843.41, '2015-4-5', 7),
    ('GERMÁN EXEQUIEL', 'BECKLEY', 'Dirección 423', 18643.34, '2014-11-23', 7),
    ('JUAN IGNACIO', 'ALMADA', 'Dirección 424', 24252.79, '2013-2-8', 2),
    ('FRANCISCO OMAR', 'ALBRECHT', 'Dirección 425', 19849.12, '2015-12-4', 9),
    ('GUSTAVO JULIAN', 'NALIVAIKO', 'Dirección 426', 16695.54, '2015-10-2', 9),
    ('CANDELA SOLEDAD', 'DOMINGUEZ', 'Dirección 427', 24217.37, '2015-3-22', 7),
    ('TULIO SERGIO', 'LONGHI', 'Dirección 428', 17079.77, '2013-12-25', 10),
    ('NILDA NORMA', 'TRANGONI', 'Dirección 429', 18538.18, '2015-5-9', 4),
    ('EUGENIA ROSA DEL CARMEN', 'VANZIN', 'Dirección 430', 18795.92, '2015-8-4', 7),
    ('DELFINA', 'SERRALUNGA', 'Dirección 431', 21595.53, '2013-12-5', 6),
    ('RAUL ALBERTO', 'POLO', 'Dirección 432', 23568.65, '2013-10-9', 1),
    ('PABLO', 'BIANCHI', 'Dirección 433', 23855.00, '2015-8-9', 2),
    ('MARCELO MIGUEL', 'TARDIVO', 'Dirección 434', 22167.61, '2014-6-13', 5),
    ('MARTIN EZEQUIEL', 'GATTI', 'Dirección 435', 17153.15, '2015-10-23', 10),
    ('MARIA LUZ ESTELA', 'AVELLANEDA', 'Dirección 436', 19088.41, '2014-10-18', 6),
    ('ALFREDO CARLOS', 'SPINA', 'Dirección 437', 16165.14, '2013-1-21', 7),
    ('MARIANA ETHEL', 'STEFFEN', 'Dirección 438', 22212.83, '2013-11-6', 5),
    ('WILLIAMS EZEQUIEL', 'ROLFO MERCADO', 'Dirección 439', 15194.94, '2015-1-23', 1),
    ('ANDRES GUSTAVO', 'GUTIERREZ', 'Dirección 440', 19262.72, '2013-8-28', 8),
    ('MAXIMILIANO EZEQUIEL RAMÓN', 'SAUCEDO', 'Dirección 441', 23415.88, '2014-2-26', 10),
    ('MARCELO RAMON', 'COSTANZO', 'Dirección 442', 21893.46, '2014-4-20', 5),
    ('ESTEBAN GABRIEL', 'FRANCO', 'Dirección 443', 18634.80, '2013-6-27', 4),
    ('BELEN', 'TOME', 'Dirección 444', 15733.76, '2014-8-20', 2),
    ('NICOLAS MARTIN', 'AYALA', 'Dirección 445', 19337.93, '2014-4-6', 9),
    ('VILMA ROSA', 'CESPEDES', 'Dirección 446', 18435.08, '2015-11-28', 9),
    ('SANTIAGO AGUSTÍN', 'CÁCERES', 'Dirección 447', 21420.33, '2014-7-12', 2),
    ('ADRIAN', 'JACQUET', 'Dirección 448', 22102.58, '2015-4-5', 5),
    ('PEDRO GUSTAVO', 'CORDOBA', 'Dirección 449', 24121.04, '2013-7-9', 5),
    ('FRANCO AGUSTIN', 'ZINI', 'Dirección 450', 15981.79, '2015-6-9', 6),
    ('MARIA CRISTINA', 'FAURLIN', 'Dirección 451', 16565.21, '2014-7-18', 10),
    ('DANIEL JULIO', 'TABORDA', 'Dirección 452', 15241.01, '2013-5-10', 3),
    ('JUAN CARLOS', 'VELAZQUEZ', 'Dirección 453', 21102.23, '2014-2-13', 6),
    ('FABRICIO', 'HUBEAUT', 'Dirección 454', 22075.26, '2015-6-10', 3),
    ('ADRIAN ROGELIO', 'KAUTZ', 'Dirección 455', 20950.21, '2014-10-28', 10),
    ('OLGA INES', 'CAMPOS', 'Dirección 456', 18067.43, '2015-2-9', 6),
    ('CESAR ALFREDO', 'RETAMOZO', 'Dirección 457', 18335.44, '2013-11-4', 9),
    ('MARIA GEORGINA', 'SPAGNOLI', 'Dirección 458', 20171.78, '2014-6-23', 5),
    ('ANDREA MONICA', 'BERNACCHIA', 'Dirección 459', 19892.29, '2015-1-2', 6),
    ('LUCIANO ESTEBAN', 'DATO', 'Dirección 460', 23174.16, '2013-1-15', 7),
    ('VALERIA SOLEDAD', 'NIEREMBERGER', 'Dirección 461', 22547.83, '2015-1-13', 4),
    ('JEREMIAS', 'TERMINIELLO', 'Dirección 462', 24522.13, '2015-4-12', 2),
    ('VIVIANA CECILIA', 'VALERI', 'Dirección 463', 23757.65, '2013-2-22', 1),
    ('MAURICIO ANDRES', 'FRANCOMANO', 'Dirección 464', 17570.37, '2013-10-4', 3),
    ('BRIANT ALCIDES', 'GAUNA', 'Dirección 465', 19434.82, '2014-7-27', 4),
    ('AXEL BRIAN MATIAS', 'VAN ISSELDYK', 'Dirección 466', 18996.82, '2013-12-15', 8),
    ('EZEQUIEL ANDRES', 'GOBBI', 'Dirección 467', 16420.55, '2015-3-15', 1),
    ('LEONARDO  ADOLFO', 'CABAÑA', 'Dirección 468', 21692.24, '2015-4-4', 4),
    ('MARCELO ALEJANDRO', 'GONZALEZ', 'Dirección 469', 23414.86, '2015-1-24', 3),
    ('EZIO EMIR', 'AGRETTI', 'Dirección 470', 24959.86, '2013-12-19', 4),
    ('OMAR CESAR', 'CERLIANI', 'Dirección 471', 24518.36, '2014-4-14', 9),
    ('ADRIAN ALBERTO', 'TOSOLINI', 'Dirección 472', 19844.26, '2015-12-23', 3),
    ('ROMÁN RAFAEL', 'LLORENS', 'Dirección 473', 16769.38, '2014-2-7', 2),
    ('SEBASTIAN IVAN', 'SANTESSO', 'Dirección 474', 21056.62, '2013-3-12', 1),
    ('JOSE CARLOS', 'HUSSEIN', 'Dirección 475', 18816.84, '2014-3-23', 8),
    ('GABRIEL ALEJANDRO', 'PALUD', 'Dirección 476', 23289.76, '2015-6-16', 8),
    ('DANIEL EDGARDO', 'BAREIRO', 'Dirección 477', 21358.42, '2015-4-1', 5),
    ('NICOLAS GABRIEL', 'LEDESMA', 'Dirección 478', 18183.54, '2014-4-6', 3),
    ('MARIA GRACIELA', 'BERARDO', 'Dirección 479', 24604.61, '2013-4-9', 1),
    ('CELSO', 'LUCIANI', 'Dirección 480', 24823.05, '2015-11-11', 7),
    ('FRANCO MATIAS', 'ZAPATA', 'Dirección 481', 21300.00, '2014-4-1', 1),
    ('EVANGELINA NORMA', 'OTARAN', 'Dirección 482', 17815.54, '2015-8-14', 10),
    ('NICOLÁS JOSÉ', 'CANCIAN', 'Dirección 483', 15382.03, '2014-6-19', 5),
    ('GUILLERMO OMAR', 'OVEJERO', 'Dirección 484', 22547.74, '2015-8-1', 10),
    ('ALDANA STEFANÍA', 'TIBALDO', 'Dirección 485', 20182.11, '2014-8-26', 2),
    ('MARIA DE LOS MILAGROS', 'YOZZIA', 'Dirección 486', 17350.12, '2015-11-18', 7),
    ('OSCAR LUIS', 'RISSO', 'Dirección 487', 18630.86, '2014-2-3', 2),
    ('JUAN IGNACIO', 'TREPPO', 'Dirección 488', 21805.95, '2014-7-17', 10),
    ('ANDREA GUADALUPE', 'GAUCHAT', 'Dirección 489', 20138.92, '2014-2-14', 10),
    ('LUCAS EMANUEL', 'PEREYRA DOBLER', 'Dirección 490', 23626.83, '2013-9-22', 1),
    ('AGUSTINA', 'ORTEGA PASTORELLI', 'Dirección 491', 16915.81, '2015-2-7', 3),
    ('JOSE IGNACIO', 'CARLINI', 'Dirección 492', 20740.93, '2015-1-25', 8),
    ('CINTIA VANESA', 'PLOT', 'Dirección 493', 15572.07, '2014-6-7', 4),
    ('FACUNDO', 'ELLDID', 'Dirección 494', 21599.24, '2014-8-24', 3),
    ('GUILLERMO EZEQUIEL', 'SUNEIR', 'Dirección 495', 24137.15, '2015-12-26', 8),
    ('ANTONIO BARTOLOME', 'BENEDETTI', 'Dirección 496', 16459.96, '2013-4-5', 10),
    ('MARTA MERCEDES', 'TRONCOSO', 'Dirección 497', 15100.20, '2013-4-18', 9),
    ('VERONICA SILVIA ALEJANDRA', 'SANCHEZ', 'Dirección 498', 17662.83, '2014-2-18', 10),
    ('ISIDORO GUILLERMO', 'REINARES', 'Dirección 499', 18346.28, '2013-5-14', 10),
    ('MAURO EXEQUIEL', 'GARCIA OSORIO', 'Dirección 500', 17013.77, '2015-7-28', 5),
    ('LEANDRO IVAN DANIEL', 'AYALA', 'Dirección 501', 16855.89, '2013-5-11', 4),
    ('NICOLÁS MARCELO', 'MONTÚ', 'Dirección 502', 17866.58, '2014-7-15', 8),
    ('LEANDRO EXEQUIEL', 'CORSETTI', 'Dirección 503', 24168.92, '2015-5-9', 7),
    ('ALEJANDRO ALBERTO', 'SCHAAF', 'Dirección 504', 24517.25, '2014-4-20', 6),
    ('MARCOS NICOLAS', 'SIBILIA', 'Dirección 505', 15065.61, '2013-7-8', 9),
    ('MARIA JOSE', 'PEIROTTI', 'Dirección 506', 24791.28, '2013-3-25', 10),
    ('MATÍAS ALEJANDRO', 'GAUDIN', 'Dirección 507', 16365.79, '2014-11-12', 7),
    ('ADRIAN', 'BILLOUD', 'Dirección 508', 19574.33, '2015-11-17', 8),
    ('MATIAS GERMAN', 'SALINAS', 'Dirección 509', 20880.72, '2015-4-1', 6),
    ('JUAN MANUEL', 'CABRAL', 'Dirección 510', 21605.79, '2014-5-20', 1),
    ('NATALIA SOLEDAD', 'FRABOTTA', 'Dirección 511', 23118.15, '2013-3-4', 4),
    ('IVO NICOLAS', 'GIACCHI', 'Dirección 512', 21616.15, '2014-8-13', 2),
    ('DIEGO LUIS', 'ENGLER', 'Dirección 513', 23406.62, '2013-7-3', 9),
    ('MARCELO GASTON', 'TABORDA', 'Dirección 514', 18845.19, '2013-9-9', 8),
    ('HORACIO GERMAN', 'FAVRE', 'Dirección 515', 19585.96, '2015-8-15', 4),
    ('FRANCO MATIAS', 'GROSS', 'Dirección 516', 18298.26, '2014-6-28', 1),
    ('VIVIANA ELISABET', 'BLANCO', 'Dirección 517', 18975.65, '2014-6-8', 8),
    ('CELESTINO JUAN', 'BRUTTI', 'Dirección 518', 21022.27, '2013-4-25', 8),
    ('MAURO GABRIEL', 'PERRI CORATTI', 'Dirección 519', 15597.53, '2014-5-9', 10),
    ('ISIDRO JESUS', 'MORENO MARCHESE', 'Dirección 520', 17136.98, '2015-1-10', 10),
    ('JUAN DANTE', 'ASTUENA', 'Dirección 521', 16403.88, '2013-10-25', 2),
    ('FABIO EMANUEL', 'CETTOUR', 'Dirección 522', 15862.04, '2013-3-13', 9),
    ('JUAN DE LA CRUZ', 'GALLEGOS', 'Dirección 523', 22548.64, '2015-4-7', 5),
    ('JORGE LUIS', 'DUARTE', 'Dirección 524', 17364.67, '2015-1-2', 8),
    ('DAIANA ALEJANDRA', 'FRETTE', 'Dirección 525', 16611.76, '2014-1-6', 10),
    ('SEBASTIAN HORACIO', 'FIANT', 'Dirección 526', 21979.58, '2015-4-19', 3),
    ('LUCIANA EVANGELINA', 'BERTONA', 'Dirección 527', 15442.99, '2013-9-26', 9),
    ('OSVALDO CESAR', 'MARINI', 'Dirección 528', 24856.49, '2013-9-22', 5),
    ('MONICA RAQUEL', 'VERNETTI', 'Dirección 529', 18158.36, '2014-5-11', 1),
    ('ALEJANDRO', 'SANDOVAL', 'Dirección 530', 16058.09, '2014-6-5', 10),
    ('MAURO ARIEL', 'VISENTINI', 'Dirección 531', 22262.88, '2013-12-24', 6),
    ('MARIA GIMENA', 'ROMERO', 'Dirección 532', 24415.09, '2013-5-6', 5),
    ('HORACIO PASCUAL', 'LEONE', 'Dirección 533', 21418.77, '2015-6-1', 2),
    ('EMIRO DAVID', 'MOREIRA', 'Dirección 534', 22040.12, '2013-8-8', 6),
    ('RUBEN ANGEL', 'RIVERA', 'Dirección 535', 18385.25, '2015-8-15', 6),
    ('RAMIRO', 'MELGAR', 'Dirección 536', 20483.16, '2013-11-24', 1),
    ('RAYMUNDO', 'CONTRERAS', 'Dirección 537', 18702.97, '2014-7-16', 8),
    ('DANIEL ALBERTO', 'CAIROL', 'Dirección 538', 22523.33, '2015-11-28', 6),
    ('AILEN ESTEFANÍA', 'DÍAZ', 'Dirección 539', 20209.85, '2013-1-27', 3),
    ('AGUSTÍN EMILIANO', 'PONCE DE PAOLI', 'Dirección 540', 23086.37, '2014-6-18', 9),
    ('JOSÉ IGNACIO', 'PRIETO', 'Dirección 541', 16011.25, '2013-11-21', 3),
    ('MYRIAM BEATRIZ', 'PAROLA', 'Dirección 542', 20318.01, '2013-2-23', 8),
    ('JUSTINIANO JOSE', 'URANGA', 'Dirección 543', 19789.80, '2014-2-9', 8),
    ('MARIELA ELIZABET', 'PEREIRA', 'Dirección 544', 17168.95, '2015-2-19', 1),
    ('FACUNDO JESUS', 'LOPEZ', 'Dirección 545', 16227.89, '2015-6-23', 6),
    ('KEVIN NAHUEL', 'HOLOTTE', 'Dirección 546', 21659.61, '2015-4-2', 10),
    ('DANIEL ALFREDO', 'PERALTA', 'Dirección 547', 18340.38, '2014-10-19', 5),
    ('ADRIAN JOSE', 'GUTIERREZ', 'Dirección 548', 19764.95, '2014-10-9', 9),
    ('GABRIEL MARIO', 'DOFFO', 'Dirección 549', 21880.72, '2015-1-18', 5),
    ('CARLOS ALBERTO', 'ESPINOSA', 'Dirección 550', 15501.54, '2015-1-25', 2),
    ('SEBASTIAN', 'LAVOOY', 'Dirección 551', 19340.84, '2013-5-15', 8),
    ('ELVIO DANIEL PEDRO', 'GODOY', 'Dirección 552', 20995.49, '2014-9-2', 9),
    ('CLAUDIO FABIAN', 'GALLEGOS', 'Dirección 553', 19767.87, '2013-2-26', 6),
    ('GERARDO DARÍO', 'PAVLOVSKY', 'Dirección 554', 17871.82, '2015-10-2', 9),
    ('MATIAS EMANUEL', 'LOBATO', 'Dirección 555', 16389.28, '2013-12-2', 9),
    ('NICOLÁS MARTÍN', 'SANCHEZ', 'Dirección 556', 24735.13, '2014-5-27', 6),
    ('CRISTIAN ANDRES', 'BOLCATTO', 'Dirección 557', 16508.93, '2013-4-24', 9),
    ('DIEGO SEBASTIAN', 'YOSSEN', 'Dirección 558', 18486.60, '2014-9-24', 2),
    ('ITALO GERARDO', 'VAN OPSTAL', 'Dirección 559', 23753.57, '2014-11-11', 1),
    ('ROBERTO GERMÁN', 'DIAZ', 'Dirección 560', 20420.68, '2015-11-16', 6),
    ('MARCELA ALEJANDRA', 'MORVIDONE', 'Dirección 561', 19801.94, '2015-10-7', 10),
    ('ALBERTO RUBEN', 'BERON', 'Dirección 562', 23971.75, '2014-7-25', 5),
    ('ARIEL GUSTAVO', 'PASCUTTI', 'Dirección 563', 16369.59, '2013-4-2', 3),
    ('ANA MARIA', 'SIMONIELLO DE ALVAREZ', 'Dirección 564', 24035.68, '2015-4-13', 3),
    ('AGUSTÍN', 'NICOLÁS', 'Dirección 565', 24965.31, '2015-8-23', 10),
    ('MAXIMILIANO', 'MANSILLA', 'Dirección 566', 16482.61, '2013-2-18', 7),
    ('EZEQUIEL FEDERICO', 'MIERKE', 'Dirección 567', 17017.31, '2015-8-14', 5),
    ('VALERIA', 'DRUNDAY', 'Dirección 568', 15274.46, '2015-10-13', 8),
    ('MARCELO ANDRES', 'SANCHEZ', 'Dirección 569', 19172.04, '2014-12-15', 9),
    ('GREGORIO MARTIN', 'DIFILIPPO', 'Dirección 570', 19292.73, '2013-6-28', 6),
    ('LILIANA DEL CARMEN', 'MUCHIUT', 'Dirección 571', 19333.40, '2015-8-28', 2),
    ('DANTE JULIO', 'VALERIO', 'Dirección 572', 17548.27, '2015-6-7', 4),
    ('ALEJANDRO SANTIAGO', 'HOYOS', 'Dirección 573', 17735.59, '2014-6-10', 7),
    ('MARIANO EZEQUIEL', 'FERNANDEZ', 'Dirección 574', 17414.69, '2013-7-19', 7),
    ('GABRIEL OSCAR', 'ESQUIVEL', 'Dirección 575', 15291.69, '2014-1-14', 7),
    ('JORGE ALEJANDRO', 'TARCHINI', 'Dirección 576', 17124.29, '2015-6-18', 1),
    ('CARLOS FABIAN', 'JAHNKE', 'Dirección 577', 23283.11, '2013-11-6', 8),
    ('JULIAN RICARDO', 'VALLONE', 'Dirección 578', 21019.76, '2014-3-20', 2),
    ('GISELA CRISTINA', 'LEIVA', 'Dirección 579', 20340.10, '2014-6-25', 10),
    ('GUSTAVO OSVALDO', 'COBELLI', 'Dirección 580', 16397.21, '2013-3-28', 8),
    ('SANTIAGO LAUTARO', 'RIOS', 'Dirección 581', 17789.32, '2015-5-2', 6),
    ('MARIA DE LOS ANGELES', 'ALBARRACIN', 'Dirección 582', 15511.88, '2014-7-4', 9),
    ('MARIA JOSEFINA', 'MOYANO', 'Dirección 583', 19831.61, '2013-4-7', 3),
    ('MANUEL', 'FERNANDEZ', 'Dirección 584', 24682.62, '2013-6-2', 6),
    ('SANTIAGO AGUSTÍN', 'BUDNIEWSKI', 'Dirección 585', 20812.32, '2013-12-15', 10),
    ('MARIANO EZEQUIEL', 'SAN MARTIN', 'Dirección 586', 15427.11, '2015-12-9', 5),
    ('LUIS MATIAS', 'MENDOZA', 'Dirección 587', 24761.07, '2015-1-24', 8),
    ('MARTÍN JOSÉ', 'ENZENHOFER', 'Dirección 588', 15861.89, '2014-11-23', 1),
    ('PAMELA SOLEDAD', 'LOVATO', 'Dirección 589', 16195.03, '2013-1-7', 8),
    ('PABLO', 'GIACOMELLI', 'Dirección 590', 15429.20, '2015-8-8', 7),
    ('SUSANA EMILIA', 'SCHNIDRIG', 'Dirección 591', 19061.59, '2013-6-12', 8),
    ('SEBASTIAN GONZALO', 'PEIRANO', 'Dirección 592', 21301.43, '2013-12-12', 2),
    ('LISANDRO REMIGIO', 'MASAT', 'Dirección 593', 24619.01, '2013-3-2', 6),
    ('STELLA MARIS', 'RETAMAR', 'Dirección 594', 24650.32, '2014-6-13', 5),
    ('MARIA TERESA', 'TORRES', 'Dirección 595', 16825.69, '2015-7-24', 5),
    ('LEANDRO JUAN BAUTISTA', 'GIRALDEZ', 'Dirección 596', 22719.16, '2013-4-10', 4),
    ('LEONARDO', 'MARTIN', 'Dirección 597', 17587.31, '2014-2-27', 10),
    ('CARLOS MATIAS', 'BORSSOTTO MUÑNOZ', 'Dirección 598', 22127.63, '2014-3-25', 1),
    ('GUSTAVO RAMON', 'VALFRE', 'Dirección 599', 21155.58, '2013-6-8', 2),
    ('LUIS EDUARDO', 'LOYOLA', 'Dirección 600', 22567.88, '2014-2-14', 9),
    ('EDGAR SEBASTIAN', 'APUD', 'Dirección 601', 19895.47, '2015-1-9', 2),
    ('LEONARDO JOSÉ', 'HOET', 'Dirección 602', 18417.40, '2014-11-12', 3),
    ('RICARDO ALBERTO', 'BONINO', 'Dirección 603', 19874.25, '2013-10-18', 6),
    ('ANDRES LEONARDO', 'DE PAULA', 'Dirección 604', 24077.91, '2013-2-20', 8),
    ('ALEJANDRO', 'PODIO', 'Dirección 605', 24247.88, '2013-8-1', 4),
    ('IGNACIO', 'PERALTA', 'Dirección 606', 20712.17, '2014-10-23', 4),
    ('MATÍAS NAHUEL', 'ANDREYCHUK', 'Dirección 607', 15839.89, '2015-3-15', 9),
    ('DANILO PABLO', 'PIVIDORI', 'Dirección 608', 23560.87, '2014-3-9', 10),
    ('MAURICIO ANGEL', 'CORNIER', 'Dirección 609', 24132.50, '2014-5-22', 3),
    ('MARIA CRISTINA', 'SANCHEZ', 'Dirección 610', 22232.97, '2015-2-22', 3),
    ('LUCAS MATIAS', 'BONOMO', 'Dirección 611', 21831.98, '2014-2-8', 1),
    ('SANDRA MARIELA', 'VICENTIN', 'Dirección 612', 23067.81, '2013-8-10', 10),
    ('NICOLÁS MIGUEL', 'LOPEZ', 'Dirección 613', 19372.75, '2013-8-5', 1),
    ('RICARDO ARIEL', 'IBAÑEZ', 'Dirección 614', 20738.51, '2015-12-10', 8),
    ('ANA MARIA', 'KANASHIRO', 'Dirección 615', 16262.52, '2014-12-8', 8),
    ('WALTER ALEJANDRO', 'MORATA', 'Dirección 616', 19901.63, '2015-2-21', 9),
    ('JORGE OMAR', 'COLOMBO', 'Dirección 617', 23589.71, '2013-10-23', 9),
    ('ARMANDO ANDRES', 'HOLZMAN', 'Dirección 618', 19996.04, '2014-3-20', 7),
    ('MONICA CRISTINA', 'BARION', 'Dirección 619', 20061.00, '2013-2-14', 1),
    ('MARíA VICTORIA', 'ROJAS FOSSATI', 'Dirección 620', 16913.62, '2015-3-16', 6),
    ('EZEQUIEL', 'BLOJ', 'Dirección 621', 20846.28, '2014-6-24', 2),
    ('DAMIAN ALEJO', 'MEYNET', 'Dirección 622', 18897.52, '2015-8-11', 10),
    ('GABRIELA JOSEFINA', 'FERNANDEZ', 'Dirección 623', 19504.43, '2014-5-7', 7),
    ('FABIAN ALFREDO', 'MOLINENGO', 'Dirección 624', 18317.72, '2013-5-10', 6),
    ('RAUL ALBERTO', 'PICCO', 'Dirección 625', 20332.54, '2013-8-27', 8),
    ('JAVIER LUIS', 'DOMINGUEZ', 'Dirección 626', 22721.75, '2013-2-16', 1),
    ('FELIPE', 'IEDER', 'Dirección 627', 20119.62, '2014-8-13', 6),
    ('GUILLERMO MIGUEL', 'ACKERMANN', 'Dirección 628', 18831.37, '2015-11-17', 6),
    ('MARIA JOSEFINA', 'CASELLI', 'Dirección 629', 20630.86, '2013-4-13', 3),
    ('SILVINA GABRIELA', 'ARAGON', 'Dirección 630', 22071.20, '2013-1-2', 4),
    ('JUAN MARTIN', 'STURON', 'Dirección 631', 24821.78, '2015-6-6', 8),
    ('MATIAS SEBASTIAN', 'GODOY', 'Dirección 632', 24962.57, '2014-6-1', 10),
    ('DIEGO TOMAS', 'ULIBARRIE', 'Dirección 633', 23797.44, '2013-6-13', 8),
    ('DAMIAN ANDRES', 'FERESIN', 'Dirección 634', 17892.49, '2015-10-7', 4),
    ('DAVID EZEQUIEL', 'BENITEZ', 'Dirección 635', 19493.18, '2015-11-12', 10),
    ('JUAN MARTIN', 'INGARAMO', 'Dirección 636', 19967.61, '2013-2-17', 6),
    ('CARLOS ANDRÉS', 'CANGA', 'Dirección 637', 18277.90, '2015-10-8', 10),
    ('LEANDRO', 'PINTO', 'Dirección 638', 21747.04, '2013-2-22', 1),
    ('FERNANDO EZEQUIEL', 'UNREIN', 'Dirección 639', 18103.57, '2015-9-20', 1),
    ('MAXIMILIANO', 'MORIONDO', 'Dirección 640', 24860.17, '2014-11-28', 3),
    ('PATRICIO LIONEL', 'ROJAS', 'Dirección 641', 20478.18, '2014-9-9', 9),
    ('JUAN MANUEL', 'LAZZARINI', 'Dirección 642', 19277.06, '2014-1-5', 10),
    ('SEBASTIAN ANIBAL', 'SANCHEZ', 'Dirección 643', 18421.04, '2013-11-16', 4),
    ('RODRIGO MANUEL', 'GALLINO', 'Dirección 644', 19823.19, '2015-4-26', 2),
    ('JUAN MANUEL', 'CRESCENTE', 'Dirección 645', 22748.44, '2013-4-26', 7),
    ('ANDREA MARIA GUADALUPE', 'CESPEDES', 'Dirección 646', 20265.13, '2013-9-7', 5),
    ('MARCELO PABLO', 'CORRAL', 'Dirección 647', 20736.57, '2015-6-28', 5),
    ('MIGUEL ANGEL', 'PANUCCIO', 'Dirección 648', 16409.16, '2015-7-15', 7),
    ('BRAIAN ESTEBAN', 'BOBADILLA', 'Dirección 649', 23152.14, '2013-10-24', 2),
    ('LISANDRO EFREN', 'VRANCKEN', 'Dirección 650', 15310.51, '2014-2-2', 9),
    ('MARIO ALEJANDRO', 'ALEGRO', 'Dirección 651', 18137.94, '2014-12-19', 8),
    ('GERMÁN FRANCISCO', 'BIANCULLI', 'Dirección 652', 20807.85, '2013-12-3', 7),
    ('AGUSTIN XAVIER', 'REYES BOLZAN', 'Dirección 653', 21079.98, '2014-5-17', 3),
    ('FERNANDO', 'BLASER', 'Dirección 654', 18982.09, '2013-6-24', 5),
    ('GUSTAVO FABIAN', 'COSME POPIELARZ', 'Dirección 655', 19596.43, '2015-11-26', 7),
    ('JUAN JOSE', 'FERRER', 'Dirección 656', 16029.20, '2013-10-3', 3),
    ('ALEJANDRO JAVIER', 'MARTINEZ', 'Dirección 657', 21200.65, '2015-5-15', 2),
    ('JOANA MARIELA', 'FERRARI', 'Dirección 658', 21591.20, '2014-8-9', 8),
    ('NADIA DENISE', 'ROMAN', 'Dirección 659', 22742.61, '2014-3-15', 6),
    ('NICOLAS RODRIGO ADRIAN', 'CABRERA', 'Dirección 660', 16918.77, '2015-9-18', 2),
    ('GIANFRANCO', 'SANGALLI', 'Dirección 661', 20499.75, '2014-2-25', 10),
    ('SUSANA BEATRIZ', 'BERNARD', 'Dirección 662', 19146.92, '2013-4-28', 4),
    ('MARCOS NICOLAS', 'RAIMONDI', 'Dirección 663', 19930.73, '2013-5-25', 1),
    ('MAURO SEBASTIAN', 'MASSINI', 'Dirección 664', 20550.96, '2013-6-10', 2),
    ('GUSTAVO  ALEJANDRO', 'PAMATER', 'Dirección 665', 21319.17, '2015-1-18', 8),
    ('MARIEL ALEJANDRA', 'CARBALLO', 'Dirección 666', 19651.79, '2014-3-22', 10),
    ('TOMAS', 'CALDERARO', 'Dirección 667', 19094.66, '2015-10-12', 10),
    ('SHELI', 'LERMAN', 'Dirección 668', 17033.48, '2014-10-4', 6),
    ('LIGHUEN', 'MANGOLDT VIUDEZ', 'Dirección 669', 22400.19, '2015-6-28', 1),
    ('CINTIA BELÉN', 'ROBLEDO', 'Dirección 670', 22030.58, '2013-11-19', 9),
    ('KEVIN', 'BAROLIN', 'Dirección 671', 22346.39, '2015-11-5', 1),
    ('LUCAS JONATAN', 'PAREDES', 'Dirección 672', 17079.68, '2015-6-8', 10),
    ('LUCAS FRANCISCO', 'LEON', 'Dirección 673', 19597.46, '2013-4-9', 2),
    ('EZEQUIEL OSCAR', 'PERESIN', 'Dirección 674', 16152.51, '2015-12-15', 2),
    ('JENNIFER TAMARA', 'RODRIGUEZ', 'Dirección 675', 16008.88, '2015-10-26', 4),
    ('GERARDO RODOLFO', 'GRIGOLATO', 'Dirección 676', 15669.07, '2015-1-1', 4),
    ('EMILIO ANDRÉS', 'DOMÍNGUEZ BAIS', 'Dirección 677', 15134.65, '2015-10-18', 3),
    ('JORGE ARIEL', 'KEBA', 'Dirección 678', 24515.52, '2013-4-24', 7),
    ('GERMAN RUBEN', 'ANTONIAZZI', 'Dirección 679', 23536.67, '2014-5-22', 2),
    ('ADRIÁN EDUARDO', 'HERNANDEZ', 'Dirección 680', 18082.00, '2015-9-17', 1),
    ('MATIAS RAUL ANIBAL', 'SALCEDO', 'Dirección 681', 22602.04, '2015-1-13', 3),
    ('DIEGO OMAR', 'RAMIREZ', 'Dirección 682', 19698.78, '2013-9-28', 6),
    ('ESTEBAN', 'BOVERO', 'Dirección 683', 24660.59, '2014-3-25', 8),
    ('CARLOS RAUL', 'REY LOMBARDO', 'Dirección 684', 22150.03, '2014-6-14', 8),
    ('PABLO SEBASTIAN', 'DALLIA SOSA', 'Dirección 685', 22755.96, '2014-10-23', 4),
    ('DIEGO EMANUEL', 'PASUTTI', 'Dirección 686', 20223.63, '2013-3-11', 9),
    ('CRISTIAN HUGO', 'BERRINO', 'Dirección 687', 15314.08, '2013-3-23', 4),
    ('ALICIA BEATRIZ', 'RUFANACHT', 'Dirección 688', 20695.61, '2014-6-24', 5),
    ('JONATAN ANDRES', 'VEGA', 'Dirección 689', 19045.78, '2013-9-13', 5),
    ('LISANDRO LUIS', 'TROSSERO', 'Dirección 690', 24083.87, '2013-11-26', 9),
    ('ZULMA MARINA', 'GAIOLI', 'Dirección 691', 16385.53, '2013-7-6', 6),
    ('ANTONIO', 'SARTORE', 'Dirección 692', 17248.79, '2014-8-26', 8),
    ('FRANCISCO JULIÁN', 'LURASCHI', 'Dirección 693', 18769.00, '2013-11-24', 6),
    ('MANUEL SANTIAGO', 'CIARROCCA', 'Dirección 694', 16176.67, '2013-10-24', 4),
    ('LUIS NAHUEL', 'SOLIER', 'Dirección 695', 20763.45, '2013-6-27', 7),
    ('IVANA ELISABET', 'CLEMENTE', 'Dirección 696', 15558.72, '2015-9-10', 4),
    ('GASTON DEMIAN', 'LEZCANO', 'Dirección 697', 21231.36, '2014-3-15', 9),
    ('SANTIAGO NICOLAS', 'NIETO', 'Dirección 698', 24817.62, '2014-6-4', 2),
    ('ALEJANDRA MARIELA', 'MURTAS', 'Dirección 699', 24245.70, '2015-2-8', 3),
    ('JORGE HUMBERTO', 'BUSICO', 'Dirección 700', 21300.59, '2013-10-20', 3),
    ('GASTON EMANUEL', 'BODOIRA', 'Dirección 701', 21977.68, '2013-3-13', 3),
    ('MARÍA BELÉN', 'CANAVESIO', 'Dirección 702', 23188.79, '2015-12-23', 6),
    ('ARIEL ESTEBAN', 'DENTESANI', 'Dirección 703', 22179.36, '2015-8-7', 9),
    ('MILTON DANIEL', 'CHAPINO', 'Dirección 704', 19938.75, '2015-7-12', 9),
    ('GONZALO ALFREDO', 'ROMAN', 'Dirección 705', 20585.78, '2014-5-6', 7),
    ('MARCELO ALFONSO', 'FONTANETTO', 'Dirección 706', 22215.74, '2013-12-20', 9),
    ('GERÓNIMO', 'DEBÁRBORA', 'Dirección 707', 21244.13, '2015-10-10', 10),
    ('MATIAS JOSE', 'PARODI', 'Dirección 708', 18801.12, '2013-3-5', 10),
    ('SONIA BEATRIZ', 'ZARATE', 'Dirección 709', 18375.10, '2015-3-10', 7),
    ('GERARDO', 'MAIDANA', 'Dirección 710', 16215.25, '2014-2-10', 3),
    ('CARLOS MARCELO', 'PAILLET', 'Dirección 711', 19596.90, '2013-1-15', 1),
    ('PABLO ANDRES CRISTOBAL', 'GIETZ', 'Dirección 712', 18396.77, '2015-9-28', 4),
    ('MIGUEL ALBERTO', 'HERNANDEZ', 'Dirección 713', 16182.32, '2013-1-7', 4),
    ('MATÍAS ADRIÁN', 'FERNANDEZ', 'Dirección 714', 21081.35, '2013-2-27', 10),
    ('AXEL ANDRÉS', 'SCHREIBER', 'Dirección 715', 18982.45, '2013-5-28', 8),
    ('GASTÓN', 'ACHARD', 'Dirección 716', 24523.80, '2013-6-8', 10),
    ('GEORGINA ISABEL', 'FORNI', 'Dirección 717', 15269.36, '2013-7-28', 3),
    ('OSVALDO PEDRO', 'BERTA', 'Dirección 718', 16650.81, '2015-5-20', 1),
    ('CARLOS DANIEL', 'CESPEDES', 'Dirección 719', 18230.64, '2014-9-23', 8),
    ('TADEO', 'VASCHUK', 'Dirección 720', 24129.75, '2013-8-11', 5),
    ('MARIA PAULA DEL PILAR', 'BALESTRA', 'Dirección 721', 23092.03, '2014-10-7', 1),
    ('JUAN PABLO', 'BISSUTTI', 'Dirección 722', 21641.96, '2015-8-26', 1),
    ('DAVID DANIEL', 'KOCH', 'Dirección 723', 16323.49, '2013-9-20', 5),
    ('MARIANA MAGALI', 'GRAMAGLIA', 'Dirección 724', 22624.65, '2014-8-11', 5),
    ('CAMILO ARIEL', 'SOSA', 'Dirección 725', 18322.32, '2014-4-25', 1),
    ('MARÍA AYELEN', 'GAITÁN ZAMORA', 'Dirección 726', 16244.42, '2014-2-4', 10),
    ('MARIO DAMIÁN', 'GONZALEZ', 'Dirección 727', 23122.15, '2014-8-24', 6),
    ('RICARDO DIONISIO', 'CORDERA', 'Dirección 728', 19699.39, '2015-10-2', 10),
    ('JOAQUIN TOMAS', 'MENDIETA', 'Dirección 729', 23624.70, '2015-12-2', 9),
    ('JOEL ADRIÁN', 'BENAVIDEZ', 'Dirección 730', 20815.76, '2014-12-17', 2),
    ('MARCO ESTEBAN', 'SARTOR', 'Dirección 731', 24501.75, '2013-1-22', 4),
    ('LUCAS DANIEL', 'HILLAIRET', 'Dirección 732', 20654.77, '2013-6-15', 5),
    ('CESAR OMAR', 'DODORICO', 'Dirección 733', 23347.41, '2013-10-28', 1),
    ('MIGUEL ANGEL', 'SAAD', 'Dirección 734', 16624.34, '2013-5-10', 1),
    ('HECTOR ANIBAL', 'AYMERICH', 'Dirección 735', 17154.30, '2013-9-20', 7),
    ('MARIA EUGENIA', 'RODRIGUEZ', 'Dirección 736', 22462.36, '2013-7-16', 4),
    ('FACUNDO ARIEL', 'RAMIREZ', 'Dirección 737', 18332.04, '2013-7-21', 1),
    ('CESAR ORLANDO', 'PAUL', 'Dirección 738', 16404.02, '2014-6-12', 3),
    ('RODRIGO', 'EVEQUOZ', 'Dirección 739', 24190.88, '2013-2-2', 1),
    ('ADRIAN MAXIMILIANO', 'RAMIREZ', 'Dirección 740', 23712.35, '2013-8-8', 2),
    ('MARTÍN GABRIEL', 'IMVINKELRIED ALLOIS', 'Dirección 741', 17171.78, '2013-12-5', 2),
    ('IGNACIO', 'ABURTO MENDEZ', 'Dirección 742', 23698.66, '2013-6-23', 4),
    ('DARIO JUAN', 'MAYRATA', 'Dirección 743', 22462.08, '2015-2-16', 5),
    ('CARINA NOEMI', 'TAURIAN CORONELLI', 'Dirección 744', 18883.43, '2013-12-1', 1),
    ('CARLOS ANDRES', 'ECHAGÜE', 'Dirección 745', 15369.54, '2013-6-16', 10),
    ('JAQUELINA', 'FAROLDI', 'Dirección 746', 24741.68, '2013-5-16', 10),
    ('CESAR', 'BALLARDINI', 'Dirección 747', 19130.31, '2013-8-24', 4),
    ('ADRIANA PALMIRA GUADALUPE', 'MORRESI', 'Dirección 748', 21435.99, '2015-12-26', 3),
    ('FEDERICO PABLO', 'RENIERO', 'Dirección 749', 15592.27, '2015-11-18', 8),
    ('FEDERICO JOSÉ', 'PIEKLO', 'Dirección 750', 20408.99, '2015-7-6', 7),
    ('JUAN IGNACIO', 'VANNEY', 'Dirección 751', 18598.25, '2015-5-2', 4),
    ('LEONARDO JULIO', 'NAVARRO', 'Dirección 752', 16038.95, '2013-6-2', 1),
    ('PATRICIA', 'DIDIER', 'Dirección 753', 18496.92, '2015-2-4', 8),
    ('FACUNDO JAVIER', 'MUCHIUTTI', 'Dirección 754', 18264.74, '2015-7-27', 5),
    ('GUSTAVO JUAN', 'BARLASINA', 'Dirección 755', 15139.20, '2013-2-17', 1),
    ('FEDERICO JOSE', 'BUSTABER', 'Dirección 756', 18792.92, '2014-5-22', 9),
    ('OSCAR ALBERTO', 'ROBLES', 'Dirección 757', 24230.95, '2014-7-10', 3),
    ('RODRIGO ATHAUALPA', 'RIQUELME', 'Dirección 758', 21523.32, '2015-9-24', 1),
    ('MATIAS ALEJANDRO', 'FERNANDEZ', 'Dirección 759', 15365.56, '2013-5-13', 3),
    ('MATIAS FRANCISCO', 'SULIGOY', 'Dirección 760', 23497.27, '2014-7-26', 9),
    ('JUAN ALEJANDRO', 'FAUSD', 'Dirección 761', 22851.00, '2015-5-28', 7),
    ('GUSTAVO ALBERTO', 'RIVAROLA', 'Dirección 762', 20059.74, '2013-1-19', 8),
    ('MAURO ANGEL', 'CIPOLATTI', 'Dirección 763', 21549.82, '2013-12-18', 2),
    ('FERNANDO AUGUSTO', 'MARELLI', 'Dirección 764', 15173.23, '2013-11-12', 2),
    ('MARCELO', 'CARRERAS', 'Dirección 765', 24902.19, '2014-5-26', 6),
    ('FACUNDO CESAR', 'APORTA', 'Dirección 766', 19980.56, '2013-12-20', 10),
    ('ERWIN MAXIMILIANO', 'SCHVINDT', 'Dirección 767', 19371.23, '2015-8-24', 10),
    ('MAXIMILIANO DEL NIÑO JESUS', 'LUSARDI', 'Dirección 768', 16767.45, '2013-10-6', 7),
    ('ADRIAN GUSTAVO', 'VELAZQUEZ', 'Dirección 769', 16099.30, '2013-1-17', 3),
    ('ROBERTO GASPAR', 'FERNANDEZ', 'Dirección 770', 17981.56, '2013-8-7', 8),
    ('LUIS MARIA', 'OJEDA', 'Dirección 771', 21741.53, '2015-7-3', 9),
    ('DAVID IVAN', 'BAIGORRIA', 'Dirección 772', 23103.59, '2013-1-2', 6),
    ('LEANDRO ANDRÉS', 'ESTRADA', 'Dirección 773', 16524.66, '2014-10-16', 8),
    ('ENRIQUE JOSÉ EDGARDO', 'MARENGO', 'Dirección 774', 22948.55, '2014-6-5', 7),
    ('GUADALUPE RITA JESUS', 'DIAZ', 'Dirección 775', 15936.72, '2014-4-24', 4),
    ('FABIANA ALEJANDRA', 'BAIGORRIA', 'Dirección 776', 23731.41, '2014-7-1', 8),
    ('CARLOS RUBEN', 'PATROVILLEAU', 'Dirección 777', 21802.10, '2014-8-6', 10),
    ('HECTOR SILVIO', 'BAR', 'Dirección 778', 19100.13, '2013-8-16', 5),
    ('ANDRES SEBASTIAN', 'DEBIAGGI', 'Dirección 779', 15689.36, '2015-11-14', 2),
    ('ANA CAROLINA', 'NIEETO', 'Dirección 780', 23316.63, '2013-11-23', 8),
    ('ARIEL', 'BARET', 'Dirección 781', 15345.84, '2015-6-7', 5),
    ('JUAN JOSE', 'SUHIT', 'Dirección 782', 18340.05, '2015-4-2', 10),
    ('JULIO ALEJANDRO', 'VIVAS', 'Dirección 783', 16268.29, '2014-9-9', 5),
    ('MANUEL', 'SCHNIDRIG', 'Dirección 784', 23068.97, '2015-8-10', 7),
    ('JOSE MIGUEL', 'HERRERO', 'Dirección 785', 21794.54, '2013-9-6', 9),
    ('PATRICIO NERI', 'GARCIA', 'Dirección 786', 21887.22, '2014-8-26', 8),
    ('NICOLAS EZEQUIEL', 'CESCHI', 'Dirección 787', 23034.75, '2015-3-21', 1),
    ('ALEJANDRO DANIEL', 'SALINAS', 'Dirección 788', 22334.53, '2015-3-25', 7),
    ('MAXIMILIANO', 'CHAVES', 'Dirección 789', 17096.35, '2013-2-4', 10),
    ('JUAN PABLO', 'BARTHELEMY', 'Dirección 790', 22878.65, '2014-12-18', 10),
    ('HÉCTOR MIGUEL', 'FIGUEROA', 'Dirección 791', 18968.19, '2015-4-5', 6),
    ('MARIO GABRIEL', 'MENINO', 'Dirección 792', 18587.43, '2014-1-1', 1),
    ('MARTIN MATIAS', 'SAGRERA', 'Dirección 793', 15798.49, '2015-3-24', 10),
    ('JULIETA MALVINA', 'CAPELETTI', 'Dirección 794', 18671.54, '2015-12-28', 5),
    ('MARIANELA ELIZABETH', 'QUINTANA', 'Dirección 795', 18531.90, '2014-3-20', 10),
    ('CARLOS MARIA', 'MATHERON', 'Dirección 796', 16421.66, '2015-6-28', 5),
    ('LEONARDO MATIAS', 'FLORES', 'Dirección 797', 22024.69, '2013-6-23', 8),
    ('JOSUE LAUTARO', 'PAYE', 'Dirección 798', 23812.72, '2014-3-5', 1),
    ('LUCIANA SOFÍA', 'PICECH', 'Dirección 799', 15316.60, '2013-12-24', 8),
    ('JUAN LUIS', 'ELORDUY', 'Dirección 800', 19560.61, '2014-5-8', 10),
    ('MARCOS RODRIGO', 'GARCIA', 'Dirección 801', 20709.65, '2014-10-4', 7),
    ('MIGUEL ALFREDO', 'SUREDA', 'Dirección 802', 15704.31, '2015-11-7', 3),
    ('JORGE ALEJANDRO', 'JORDAN', 'Dirección 803', 15895.65, '2013-10-7', 7),
    ('MAXIMILIANO ANDRES', 'BOGARIN', 'Dirección 804', 23262.69, '2013-4-22', 9),
    ('MAURICIO EDUARDO', 'VATTOVAZ', 'Dirección 805', 17965.08, '2015-10-28', 5),
    ('DIEGO GONZALO', 'CAMARA', 'Dirección 806', 17336.38, '2013-7-1', 7),
    ('SILVIA INES', 'VILLARREAL', 'Dirección 807', 15699.20, '2014-5-21', 9),
    ('ALDO', 'IÑIGUEZ', 'Dirección 808', 19082.18, '2013-2-17', 8),
    ('JULIO ARMANDO', 'ARMANDO', 'Dirección 809', 20550.13, '2014-1-5', 9),
    ('SADI SANTIAGO GABRIEL', 'GRINOVERO', 'Dirección 810', 20348.69, '2014-1-24', 1),
    ('FABIANA ALEJANDRA', 'CAMINOS', 'Dirección 811', 15561.65, '2015-12-23', 7),
    ('SILVIA RITA', 'ROSSI', 'Dirección 812', 18913.05, '2013-10-23', 4),
    ('VANINA ESTELA', 'RIBERI', 'Dirección 813', 18777.46, '2014-1-19', 3),
    ('NAHUEL NICOLAS', 'AGNESE', 'Dirección 814', 16582.15, '2015-11-14', 6),
    ('DAMIAN ALFREDO', 'ZUQUELI', 'Dirección 815', 20283.06, '2014-9-8', 5),
    ('CRISTOBAL', 'PELEGRI', 'Dirección 816', 18626.25, '2013-4-23', 3),
    ('JULIAN ANDRES', 'MARTINEZ', 'Dirección 817', 16569.98, '2015-3-5', 8),
    ('MARIANO OSCAR', 'LUJAN', 'Dirección 818', 23765.18, '2013-7-4', 9),
    ('AGUSTIN', 'LORO', 'Dirección 819', 16062.92, '2014-6-5', 5),
    ('GERMÁN ALDO', 'LESCANO', 'Dirección 820', 22929.94, '2014-11-20', 2),
    ('PABLO ARIEL', 'ZUTTION', 'Dirección 821', 21738.32, '2015-9-25', 6),
    ('DANIEL RUBEN', 'AMICO', 'Dirección 822', 16090.02, '2015-5-6', 6),
    ('MATÍAS EZEQUIEL', 'SANCHEZ', 'Dirección 823', 20767.97, '2014-12-27', 5),
    ('MATIAS EZEQUIEL', 'ANDRADA', 'Dirección 824', 24859.12, '2013-10-15', 10),
    ('MARCELO JOSE', 'SADONIO', 'Dirección 825', 16740.17, '2013-8-14', 7),
    ('HECTOR DARIO', 'ANDREASSI', 'Dirección 826', 20229.11, '2015-2-1', 2),
    ('RODRIGO EXEQUIEL', 'CÓRDOBA', 'Dirección 827', 16494.48, '2015-2-10', 4),
    ('HORACIO MARTÍN', 'FORGIONE', 'Dirección 828', 23411.90, '2015-10-12', 9),
    ('IVAN MARTIN', 'VAILLARD', 'Dirección 829', 20164.54, '2013-7-9', 7),
    ('FABIAN PEDRO', 'BERTOCCHI', 'Dirección 830', 23076.34, '2013-10-20', 7),
    ('NESTOR EUGENIO', 'DRIUSSI', 'Dirección 831', 19713.42, '2013-9-18', 2),
    ('NICOLÁS ALBERTO', 'BALESTIERI', 'Dirección 832', 19400.21, '2013-8-21', 8),
    ('JOSÉ LUIS ANÍBAL', 'ALVAREZ', 'Dirección 833', 24966.13, '2013-5-24', 5),
    ('OSCAR', 'DOMINGUEZ', 'Dirección 834', 20694.94, '2014-7-1', 1),
    ('MARIO GABRIEL', 'AMER', 'Dirección 835', 19193.33, '2014-4-12', 7),
    ('GUILLERMO NICOLAS', 'RIPA', 'Dirección 836', 21535.23, '2014-3-8', 1),
    ('JOSE LUIS', 'CASSE', 'Dirección 837', 22386.98, '2014-6-16', 5),
    ('MARIA GUADALUPE', 'PART', 'Dirección 838', 16194.34, '2015-10-13', 5),
    ('MARTIN ESTANISLAO', 'OLIVA', 'Dirección 839', 20751.38, '2014-7-14', 4),
    ('SEBASTIAN ROBERTO', 'CAGLIERO', 'Dirección 840', 24350.44, '2013-4-4', 6),
    ('OCTAVIO DE LA CRUZ', 'MONZON', 'Dirección 841', 16992.87, '2015-9-7', 5),
    ('GASTÓN EXEQUIEL', 'NUÑEZ', 'Dirección 842', 21719.74, '2014-4-4', 9),
    ('DANIELA KARINA', 'ESCUDERO', 'Dirección 843', 22229.76, '2014-4-8', 2),
    ('KARINA GISEL', 'FONTANA', 'Dirección 844', 18367.24, '2013-3-18', 2),
    ('VALERIA GUADALUPE', 'YOMMI', 'Dirección 845', 21819.97, '2015-9-16', 1),
    ('JAVIER MARIO', 'BELTRAMO', 'Dirección 846', 16124.92, '2015-4-3', 2),
    ('ANDRES GABRIEL', 'GOETTIG', 'Dirección 847', 21462.22, '2013-12-18', 9),
    ('MARIEL ANALIA', 'ROMERO', 'Dirección 848', 15293.36, '2015-1-27', 2),
    ('NICOLAS', 'SCENNA', 'Dirección 849', 20168.57, '2015-9-12', 6),
    ('NORMA BEATRIZ', 'PUCHETA', 'Dirección 850', 22107.06, '2015-7-25', 5),
    ('CARLOS ALBERTO', 'FERRERAS', 'Dirección 851', 19545.98, '2014-5-15', 1),
    ('ROBERTO', 'MENDEZ', 'Dirección 852', 20690.95, '2014-9-28', 2),
    ('GISELA ELISABET', 'OVIEDO', 'Dirección 853', 24043.63, '2015-12-18', 5),
    ('ENRIQUE PABLO JOSE', 'MILANI', 'Dirección 854', 18129.74, '2014-10-22', 7),
    ('JUAN', 'SANCHEZ MATEO', 'Dirección 855', 24387.39, '2014-9-15', 7),
    ('GERMAN EDUARDO', 'PRADO', 'Dirección 856', 18268.77, '2015-2-3', 4),
    ('DENIS NICOLAS', 'BONDAZ', 'Dirección 857', 22626.21, '2015-12-8', 4),
    ('ALEJANDRO DANIEL', 'THIMENTAL', 'Dirección 858', 19993.41, '2015-12-14', 7),
    ('MARIA DELIA', 'LUKASZEW', 'Dirección 859', 18789.43, '2013-10-25', 6),
    ('ÁNGELES YAMILE', 'SOTO', 'Dirección 860', 22747.67, '2015-9-28', 6),
    ('CARLOS GUSTAVO', 'PACHECO', 'Dirección 861', 24012.98, '2014-8-15', 4),
    ('NATALIA ESTEFANÍA', 'ECHAGÜE', 'Dirección 862', 18236.88, '2013-11-13', 7),
    ('JULIAN JOSÉ MARÍA', 'VIDOZ', 'Dirección 863', 22489.16, '2015-12-2', 3),
    ('CARLOS GERMAN', 'BECKLEY', 'Dirección 864', 22154.74, '2013-3-3', 10),
    ('PABLO', 'CERNUDA', 'Dirección 865', 15638.44, '2014-7-7', 2),
    ('WALDEMAR ARON', 'FERNANDEZ', 'Dirección 866', 24370.76, '2015-7-22', 1),
    ('GRICEL', 'DIBERT', 'Dirección 867', 22783.68, '2015-2-10', 3),
    ('CARLOS GABRIEL', 'LOPEZ', 'Dirección 868', 17824.74, '2015-3-21', 8),
    ('MARTÍN GIULIANO', 'ARANDA SCHIMPF', 'Dirección 869', 23256.96, '2015-9-9', 9),
    ('JUAN IGNACIO EDGARDO', 'PATIÑO', 'Dirección 870', 18868.92, '2014-1-28', 3),
    ('LISANDRO CESAR', 'PASSARELLO', 'Dirección 871', 21876.40, '2014-3-8', 9),
    ('DIEGO HERNAN', 'RAMOS', 'Dirección 872', 22161.60, '2014-8-8', 6),
    ('JUAN DANIEL', 'AGUILAR', 'Dirección 873', 19000.11, '2014-8-16', 6),
    ('MARIA JOSE', 'VIDAURRE', 'Dirección 874', 17690.67, '2015-9-17', 5),
    ('JUAN MANUEL', 'DERGAL', 'Dirección 875', 20446.52, '2015-9-11', 6),
    ('MARIA TERESA ALEJANDRA', 'PEREYRA POTEL', 'Dirección 876', 18581.44, '2015-3-3', 7),
    ('TOMAS LUIS', 'ALARCON', 'Dirección 877', 22098.13, '2015-9-24', 3),
    ('ARIEL ALFREDO', 'CASTELAIN', 'Dirección 878', 19021.17, '2015-5-6', 5),
    ('VICTOR LUIS', 'DOME', 'Dirección 879', 21980.44, '2013-11-18', 8),
    ('MARCELO JUAN EDUARDO', 'RAPELA', 'Dirección 880', 16361.93, '2013-6-12', 10),
    ('ANDRES EDUARDO', 'DURAN', 'Dirección 881', 20198.44, '2015-8-18', 3),
    ('IVAN JAVIER', 'RAZINSKAS', 'Dirección 882', 21858.24, '2015-12-21', 1),
    ('JORGE LUIS ALBERTO', 'SEGOVIA', 'Dirección 883', 18283.14, '2015-11-5', 10),
    ('JUAN IGNACIO', 'SAVINI ROLDAN', 'Dirección 884', 15336.68, '2013-9-17', 2),
    ('MELANIE LOANA', 'MANFREDI BARBERO', 'Dirección 885', 16901.54, '2013-12-26', 5),
    ('ELIDA MABEL', 'LEMOS', 'Dirección 886', 17985.21, '2015-5-16', 10),
    ('JAVIER ANDRES', 'BRUNO', 'Dirección 887', 16149.02, '2015-12-10', 1),
    ('NICOLAS', 'ALALUF', 'Dirección 888', 17629.51, '2014-8-28', 8),
    ('WALTER GABRIEL', 'BUSTOS', 'Dirección 889', 24398.23, '2015-9-12', 6),
    ('CLAUDIO FABIAN', 'BILESIO', 'Dirección 890', 17126.39, '2015-12-17', 9),
    ('CARLOS JAVIER', 'FOURNEL', 'Dirección 891', 24828.87, '2015-6-15', 9),
    ('LEONEL NORBERTO', 'AVALOS', 'Dirección 892', 16063.79, '2014-11-12', 1),
    ('NATALIA GUADALUPE', 'TONON', 'Dirección 893', 17507.59, '2014-7-1', 1),
    ('JAVIER ALBERTO', 'BARRA', 'Dirección 894', 21830.61, '2014-9-22', 9),
    ('GLADIS TERESA', 'QUEREILHAC', 'Dirección 895', 22435.78, '2014-2-27', 2),
    ('CLAUDIA VERONICA', 'LENCINA', 'Dirección 896', 22043.66, '2014-2-11', 7),
    ('LEONARDO MARTIN', 'MENDIONDO', 'Dirección 897', 15351.01, '2013-3-2', 5),
    ('HUGO ENZO', 'MARTINEZ', 'Dirección 898', 21766.94, '2013-11-2', 3),
    ('JUAN MANUEL', 'RAMB', 'Dirección 899', 15026.30, '2013-8-23', 3),
    ('ARIEL', 'BUGUEIRO', 'Dirección 900', 21422.54, '2014-1-24', 4),
    ('FEDERICO', 'GIANCARELLI', 'Dirección 901', 22594.51, '2015-9-5', 3),
    ('NICOLAS MAURICIO', 'ANDEREGGEN', 'Dirección 902', 24925.65, '2013-2-22', 1),
    ('LEANDRO NICOLÁS', 'VENTO', 'Dirección 903', 21740.02, '2014-8-21', 1),
    ('NICOLÁS ELIO', 'FERREYRA', 'Dirección 904', 20578.56, '2015-10-8', 7),
    ('JOAQUIN NAHUEL', 'ORSINI LATOR', 'Dirección 905', 22087.61, '2013-10-17', 9),
    ('VÍCTOR RODRIGO', 'DIEZ', 'Dirección 906', 22845.42, '2014-11-3', 4),
    ('JONATHAN SAMUEL', 'JACOBI', 'Dirección 907', 23777.75, '2013-4-7', 2),
    ('MARIO ALEJANDRO', 'CHROBAK', 'Dirección 908', 24428.34, '2014-11-3', 1),
    ('MAURICIO HECTOR', 'BOZICOVICH', 'Dirección 909', 22233.32, '2013-7-4', 4),
    ('LEONARDO ALBERTO', 'BRANCATTO', 'Dirección 910', 18939.89, '2014-5-10', 1),
    ('CARINA VANESA', 'GALARRAGA', 'Dirección 911', 20300.97, '2014-1-22', 5),
    ('NELSON IVAN', 'BENAVIDEZ', 'Dirección 912', 18706.38, '2014-6-13', 6),
    ('JUSTO ALEJANDRO', 'MEDINA', 'Dirección 913', 23991.96, '2014-12-21', 1),
    ('CRISTIAN GABRIEL', 'NIERES', 'Dirección 914', 19030.56, '2013-9-14', 2),
    ('NAHUEL ELIAS', 'TRONCOSO TABORDA', 'Dirección 915', 20172.73, '2014-8-13', 9),
    ('JUAN JOSÉ', 'VILLA', 'Dirección 916', 19696.74, '2013-2-8', 8),
    ('JOEL', 'PEREZ', 'Dirección 917', 19463.21, '2013-11-18', 5),
    ('JAVIER ALEJANDRO', 'CABRAL', 'Dirección 918', 16091.26, '2014-8-4', 3),
    ('MARCELO JAVIER', 'BUSTAMANTE', 'Dirección 919', 20574.36, '2013-12-13', 5),
    ('MARIANO MATÍAS', 'PRIVITELLO', 'Dirección 920', 18959.08, '2014-12-10', 2),
    ('SANTIAGO DAVID', 'COHEN', 'Dirección 921', 24109.98, '2013-5-22', 2),
    ('OSCAR ABEL', 'GUNSETT', 'Dirección 922', 22755.11, '2015-9-13', 9),
    ('SERGIO DANIEL', 'DEJON', 'Dirección 923', 18218.80, '2014-1-17', 7),
    ('GERMAN', 'HILGERT', 'Dirección 924', 16068.45, '2015-12-5', 5),
    ('ROBERTO ALEJANDRO', 'CAVALLO', 'Dirección 925', 23900.51, '2015-4-9', 5),
    ('MARIA SOL', 'DI STEFANO', 'Dirección 926', 22093.54, '2013-10-22', 3),
    ('JUAN JOSE HORACIO', 'ANDREOLI', 'Dirección 927', 18427.91, '2015-6-23', 2),
    ('JORGE ALBERTO', 'EGUIAZU', 'Dirección 928', 15389.61, '2013-9-14', 5),
    ('LUCIANO DANTE', 'GUTIERREZ', 'Dirección 929', 23796.11, '2013-12-18', 2),
    ('VICTOR HUGO', 'CASTILLO', 'Dirección 930', 20658.62, '2015-11-19', 1),
    ('JORGE LUIS ALBERTO', 'PEREZLINDO', 'Dirección 931', 24635.58, '2015-3-12', 3),
    ('SEBASTIAN ERNESTO', 'STRATTA', 'Dirección 932', 21501.65, '2013-4-8', 3),
    ('DIEGO GABRIEL', 'IGLESIA', 'Dirección 933', 24321.72, '2014-10-7', 10),
    ('MARIANO', 'PERASSI', 'Dirección 934', 18206.43, '2013-9-4', 8),
    ('LUCAS SEBASTIAN', 'GIORIA', 'Dirección 935', 22955.55, '2014-11-4', 9),
    ('MARCELO ALEJANDRO', 'HOSCH', 'Dirección 936', 17159.07, '2014-6-14', 2),
    ('GUILLERMO FRANCISCO', 'MULLER', 'Dirección 937', 24278.07, '2015-11-24', 6),
    ('SANDRA ROSANA', 'CLAROTTI', 'Dirección 938', 21400.69, '2013-12-27', 9),
    ('HUGO HECTOR', 'LUST', 'Dirección 939', 17686.04, '2015-6-15', 4),
    ('ALBERTO', 'GONCEBATT', 'Dirección 940', 15993.43, '2014-10-17', 6),
    ('ALFREDO ALEJANDRO', 'VIGNOLO', 'Dirección 941', 16128.22, '2014-5-28', 1),
    ('RUBEN CARLOS', 'PORTA', 'Dirección 942', 21979.08, '2013-6-13', 5),
    ('JUAN DIEGO', 'FRANZOI', 'Dirección 943', 24742.12, '2015-9-3', 1),
    ('DAFNE', 'AZZOLINA', 'Dirección 944', 24319.34, '2015-9-4', 9),
    ('DANISA MARIANA', 'ACHKAR', 'Dirección 945', 20871.12, '2015-5-22', 9),
    ('CARLOS JOSE', 'ORPIANESI', 'Dirección 946', 16727.79, '2014-11-1', 5),
    ('HUGO RENE', 'SONNAILLON', 'Dirección 947', 18621.78, '2015-4-16', 9),
    ('JUAN JOSÉ', 'DAVID UHRICH', 'Dirección 948', 20612.90, '2014-7-13', 8),
    ('ROCIO LUCILA', 'MEJICO', 'Dirección 949', 24504.72, '2014-8-11', 9),
    ('SEBASTIAN EZEQUIEL', 'PEREYRA', 'Dirección 950', 15216.94, '2015-3-25', 10),
    ('CAROLINA', 'TRAVAGLINI', 'Dirección 951', 22000.35, '2014-11-19', 2),
    ('JUAN PABLO', 'ENRIQUEZ', 'Dirección 952', 18265.07, '2013-5-27', 3),
    ('VERONICA ANDREA', 'MENDEZ', 'Dirección 953', 24013.94, '2013-2-9', 1),
    ('OSVALDO DANIEL', 'MIGLIORELLI', 'Dirección 954', 15481.68, '2013-4-13', 3),
    ('MARIA DEL MAR', 'MOSCHEN', 'Dirección 955', 15576.94, '2015-12-19', 10),
    ('ANA ELISABET', 'GALLO', 'Dirección 956', 23142.27, '2013-5-4', 2),
    ('ERNESTO CARLOS', 'SACRIPANTI', 'Dirección 957', 22705.50, '2013-2-2', 10),
    ('XAVIER ISAIAS', 'PIERINI', 'Dirección 958', 15795.11, '2013-9-21', 7),
    ('EMILIO ANGEL', 'BERTONERI', 'Dirección 959', 16326.68, '2014-4-9', 2),
    ('RICARDO ALEJANDRO', 'CORTES', 'Dirección 960', 21665.12, '2014-4-15', 2),
    ('MARIO OSCAR', 'DIEZ', 'Dirección 961', 21128.49, '2013-9-18', 8),
    ('TOMÁS', 'CASABLANCA', 'Dirección 962', 18415.01, '2013-6-3', 1),
    ('JORGE FRANCISCO', 'LA ROSA', 'Dirección 963', 21944.29, '2013-8-24', 9),
    ('PABLO ESTEBAN', 'ALMIRON', 'Dirección 964', 22834.35, '2013-9-27', 2),
    ('MARIA LUCIANA', 'ROLDAN', 'Dirección 965', 17118.30, '2014-4-10', 6),
    ('SANDRA CRISTINA', 'RAMIREZ', 'Dirección 966', 18918.54, '2015-1-12', 6),
    ('KEVIN EMMANUEL', 'GAJDOSIK', 'Dirección 967', 16910.18, '2014-6-15', 10),
    ('FABRICIO ROBERTO', 'GASTIASORO', 'Dirección 968', 22832.07, '2014-12-14', 7),
    ('GABRIEL ALEJANDRO', 'BELTRAMINO', 'Dirección 969', 20210.41, '2015-4-10', 5),
    ('FABIO NORBERTO', 'MAZZOLA', 'Dirección 970', 15954.05, '2013-9-5', 1),
    ('LUCAS FERNANDO', 'BERMUDEZ', 'Dirección 971', 15593.51, '2013-3-20', 4),
    ('EZEQUIEL JESÚS', 'MARCHETTI', 'Dirección 972', 23984.04, '2014-4-22', 9),
    ('MARIA DE LOS ANGELES', 'RODRIGUEZ', 'Dirección 973', 24945.66, '2013-10-4', 7),
    ('MARTÍN', 'PIACENTINI', 'Dirección 974', 18237.69, '2014-6-25', 10),
    ('GERARDO ABEL', 'ALTERINI', 'Dirección 975', 22894.11, '2015-11-19', 4),
    ('BERNARDO', 'MAROZZI', 'Dirección 976', 19342.38, '2014-5-26', 4),
    ('VERONICA DANIELA', 'JUAREZ', 'Dirección 977', 23017.18, '2013-2-4', 2),
    ('GERARDO DE JESUS', 'SUNDBERG', 'Dirección 978', 15496.32, '2015-3-11', 3),
    ('GUSTAVO EZEQUIEL', 'BRAVO', 'Dirección 979', 19457.18, '2015-5-20', 9),
    ('JOSE ANDRES', 'DANDEU', 'Dirección 980', 17314.65, '2015-5-3', 10),
    ('FELIPE', 'ESPONDA', 'Dirección 981', 19587.27, '2013-4-27', 5),
    ('NATALIA CAROLINA', 'INFULECKI', 'Dirección 982', 16710.70, '2015-3-3', 10),
    ('GABRIEL MATIAS', 'DAGATTI', 'Dirección 983', 22759.30, '2014-3-10', 9),
    ('MARIANO ALBERTO', 'GELROTH', 'Dirección 984', 18864.55, '2014-8-23', 8),
    ('SANDRA ELIZABET', 'BROWN', 'Dirección 985', 19648.91, '2015-5-11', 1),
    ('SUSANA', 'LOPEZ', 'Dirección 986', 20015.20, '2015-7-3', 2),
    ('IVÁN ANDRÉS', 'BÄR', 'Dirección 987', 20813.26, '2014-7-1', 1),
    ('MARIELA ALEJANDRA', 'PRADA', 'Dirección 988', 21002.85, '2014-3-11', 8),
    ('MARIO LIONEL', 'URO', 'Dirección 989', 20558.38, '2014-10-19', 5),
    ('JUAN IGNACIO', 'ALARCON', 'Dirección 990', 18406.14, '2013-8-15', 8),
    ('MARIA GABRIELA', 'LLORENS', 'Dirección 991', 15715.75, '2015-12-2', 7),
    ('JOSE LUIS', 'BLAZKOW', 'Dirección 992', 17214.22, '2013-10-21', 6),
    ('WALTER GABRIEL', 'DEMARTIN', 'Dirección 993', 22031.72, '2014-3-28', 1),
    ('SERGIO RAFAEL', 'GONZALEZ', 'Dirección 994', 20777.73, '2013-11-2', 7),
    ('MAXIMILIANO EXEQUIEL', 'ROMERO', 'Dirección 995', 15150.46, '2013-2-13', 10),
    ('PABLO HERNAN', 'ROSSI', 'Dirección 996', 22796.39, '2014-2-20', 2),
    ('GERMAN AGUSTIN', 'SCATTONE', 'Dirección 997', 24595.62, '2014-4-24', 3),
    ('EXEQUIEL ALEJANDRO', 'MARSENGO', 'Dirección 998', 15455.15, '2014-2-1', 2),
    ('LEANDRO', 'BOURNISSENT', 'Dirección 999', 18483.34, '2013-8-22', 9);

INSERT INTO "public"."actividad_instructor"(id_actividad, legajo, hora_inicio, hora_fin)
VALUES
    (1, 312, 17, 18),
    (2, 589, 9, 10),
    (3, 171, 9, 10),
    (4, 894, 8, 9),
    (5, 374, 19, 20),
    (6, 357, 16, 17),
    (7, 222, 14, 15),
    (8, 491, 16, 17),
    (9, 722, 11, 12),
    (10, 480, 18, 19),
    (11, 788, 19, 20),
    (12, 278, 16, 17),
    (13, 942, 16, 17),
    (14, 102, 11, 12),
    (15, 931, 14, 15),
    (16, 468, 14, 15),
    (17, 410, 16, 17),
    (18, 745, 19, 20),
    (19, 672, 17, 18),
    (1, 242, 9, 10),
    (2, 22, 10, 11),
    (3, 347, 19, 20),
    (4, 780, 16, 17),
    (5, 579, 15, 16),
    (6, 866, 13, 14),
    (7, 445, 12, 13),
    (8, 602, 10, 11),
    (9, 522, 9, 10),
    (10, 170, 21, 22),
    (11, 387, 13, 14),
    (12, 765, 18, 19),
    (13, 267, 10, 11),
    (14, 200, 14, 15),
    (15, 190, 8, 9),
    (16, 281, 21, 22),
    (17, 675, 14, 15),
    (18, 937, 10, 11),
    (19, 377, 16, 17),
    (1, 280, 8, 9),
    (2, 611, 21, 22),
    (3, 540, 11, 12),
    (4, 770, 8, 9),
    (5, 140, 18, 19),
    (6, 610, 11, 12),
    (7, 290, 14, 15),
    (8, 453, 19, 20),
    (9, 55, 16, 17),
    (10, 902, 19, 20),
    (11, 455, 17, 18),
    (12, 702, 11, 12),
    (13, 933, 20, 21),
    (14, 760, 18, 19),
    (15, 749, 16, 17),
    (16, 641, 18, 19),
    (17, 584, 10, 11),
    (18, 127, 19, 20),
    (19, 564, 8, 9),
    (1, 21, 15, 16),
    (2, 12, 13, 14),
    (3, 732, 13, 14),
    (4, 516, 21, 22),
    (5, 695, 11, 12),
    (6, 384, 16, 17),
    (7, 309, 10, 11),
    (8, 59, 18, 19),
    (9, 686, 10, 11),
    (10, 404, 12, 13),
    (11, 644, 20, 21),
    (12, 144, 15, 16),
    (13, 752, 19, 20),
    (14, 471, 8, 9),
    (15, 293, 17, 18),
    (16, 39, 9, 10),
    (17, 118, 20, 21),
    (18, 688, 9, 10),
    (19, 53, 19, 20),
    (1, 982, 18, 19),
    (2, 314, 13, 14),
    (3, 755, 13, 14),
    (4, 197, 12, 13),
    (5, 398, 12, 13),
    (6, 733, 8, 9),
    (7, 135, 8, 9),
    (8, 272, 11, 12),
    (9, 142, 16, 17),
    (10, 851, 16, 17),
    (11, 443, 18, 19),
    (12, 806, 8, 9),
    (13, 435, 21, 22),
    (14, 23, 18, 19),
    (15, 77, 19, 20),
    (16, 563, 16, 17),
    (17, 305, 20, 21),
    (18, 970, 16, 17),
    (19, 353, 13, 14),
    (1, 454, 18, 19),
    (2, 220, 20, 21),
    (3, 822, 19, 20),
    (4, 457, 21, 22),
    (5, 432, 19, 20),
    (6, 209, 15, 16),
    (7, 51, 12, 13),
    (8, 692, 18, 19),
    (9, 890, 21, 22),
    (10, 99, 13, 14),
    (11, 535, 13, 14),
    (12, 79, 15, 16),
    (13, 247, 13, 14),
    (14, 554, 17, 18),
    (15, 628, 13, 14),
    (16, 217, 8, 9),
    (17, 315, 13, 14),
    (18, 669, 9, 10),
    (19, 112, 16, 17),
    (1, 257, 21, 22),
    (2, 624, 21, 22),
    (3, 401, 10, 11),
    (4, 37, 8, 9),
    (5, 706, 10, 11),
    (6, 13, 10, 11),
    (7, 736, 8, 9),
    (8, 57, 16, 17),
    (9, 855, 16, 17),
    (10, 423, 18, 19),
    (11, 751, 10, 11),
    (12, 656, 15, 16),
    (13, 897, 19, 20),
    (14, 775, 21, 22),
    (15, 959, 19, 20),
    (16, 10, 12, 13),
    (17, 54, 15, 16),
    (18, 236, 20, 21),
    (19, 348, 17, 18),
    (1, 162, 9, 10),
    (2, 634, 16, 17),
    (3, 515, 16, 17),
    (4, 525, 16, 17),
    (5, 538, 11, 12),
    (6, 518, 8, 9),
    (7, 666, 16, 17),
    (8, 204, 14, 15),
    (9, 337, 18, 19),
    (10, 49, 19, 20),
    (11, 659, 9, 10),
    (12, 164, 14, 15),
    (13, 917, 12, 13),
    (14, 798, 14, 15),
    (15, 336, 17, 18),
    (16, 214, 10, 11),
    (17, 869, 8, 9),
    (18, 809, 13, 14),
    (19, 754, 15, 16),
    (1, 50, 15, 16),
    (2, 397, 9, 10),
    (3, 108, 17, 18),
    (4, 923, 16, 17),
    (5, 376, 9, 10),
    (6, 705, 12, 13),
    (7, 167, 15, 16),
    (8, 419, 15, 16),
    (9, 136, 8, 9),
    (10, 608, 13, 14),
    (11, 514, 17, 18),
    (12, 973, 20, 21),
    (13, 472, 21, 22),
    (14, 558, 16, 17),
    (15, 123, 8, 9),
    (16, 189, 11, 12),
    (17, 414, 19, 20),
    (18, 255, 8, 9),
    (19, 206, 19, 20),
    (1, 331, 11, 12),
    (2, 547, 11, 12),
    (3, 801, 15, 16),
    (4, 934, 14, 15),
    (5, 636, 10, 11),
    (6, 260, 21, 22),
    (7, 344, 17, 18),
    (8, 161, 21, 22),
    (9, 92, 18, 19),
    (10, 25, 21, 22),
    (11, 709, 21, 22),
    (12, 121, 13, 14),
    (13, 48, 16, 17),
    (14, 783, 18, 19),
    (15, 66, 10, 11),
    (16, 237, 11, 12),
    (17, 139, 9, 10),
    (18, 24, 10, 11),
    (19, 52, 16, 17);

INSERT INTO public.especialidad(descripcion)
VALUES
    ('Spinning'),
    ('Boxeo'),
    ('Tonificación'),
    ('Pilates'),
    ('Zumba'),
    ('Strong by Zumba'),
    ('Musculación'),
    ('Body Pamp'),
	('On funcional'),
	('Circuito'),
	('Ciclo indoor'),
	('Gap'),
	('Kick boxing'),
	('Total body'),
	('Cardiovascular y fuerza'),
	('Estiramientos'),
	('Entrenamiento de alta intensidad'),
	('MMA'),
	('Body Combat'),
	('Multifitness'),
    ('Estiramientos avanzados');

INSERT INTO "public"."especialidades_empleado"(cod_especialidad, legajo, nivel_conocimiento, horas_capacitacion)
VALUES
    (11, 514, 'Medio', 74),
    (3, 514, 'Experto', 136),
    (15, 515, 'Bajo', 43),
    (9, 515, 'Medio', 84),
    (7, 516, 'Alto', 111),
    (13, 516, 'Bajo', 30),
    (16, 516, 'Experto', 148),
    (13, 518, 'Alto', 126),
    (7, 518, 'Alto', 129),
    (6, 522, 'Bajo', 25),
    (11, 522, 'Medio', 80),
    (2, 10, 'Bajo', 34),
    (19, 10, 'Experto', 148),
    (1, 10, 'Experto', 116),
    (6, 12, 'Alto', 114),
    (15, 13, 'Experto', 132),
    (16, 13, 'Experto', 152),
    (7, 13, 'Bajo', 37),
    (11, 525, 'Alto', 129),
    (3, 525, 'Bajo', 34),
    (3, 21, 'Medio', 52),
    (12, 22, 'Medio', 64),
    (4, 22, 'Bajo', 41),
    (16, 22, 'Bajo', 32),
    (3, 23, 'Experto', 100),
    (14, 23, 'Experto', 124),
    (7, 535, 'Bajo', 44),
    (16, 25, 'Alto', 108),
    (4, 538, 'Alto', 102),
    (1, 24, 'Experto', 160),
    (14, 540, 'Alto', 123),
    (15, 547, 'Experto', 120),
    (3, 547, 'Bajo', 43),
    (7, 547, 'Alto', 75),
    (12, 37, 'Experto', 104),
    (17, 39, 'Experto', 112),
    (11, 554, 'Bajo', 44),
    (16, 554, 'Alto', 78),
    (8, 558, 'Medio', 76),
    (12, 558, 'Bajo', 35),
    (14, 558, 'Alto', 120),
    (16, 48, 'Medio', 50),
    (14, 48, 'Medio', 56),
    (16, 49, 'Bajo', 40),
    (6, 50, 'Medio', 60),
    (11, 563, 'Experto', 140),
    (11, 564, 'Experto', 176),
    (18, 564, 'Alto', 105),
    (1, 564, 'Alto', 90),
    (18, 53, 'Alto', 90),
    (13, 53, 'Bajo', 33),
    (17, 53, 'Bajo', 36),
    (3, 51, 'Medio', 78),
    (19, 51, 'Experto', 104),
    (6, 51, 'Experto', 104),
    (11, 55, 'Experto', 132),
    (18, 55, 'Bajo', 30),
    (12, 54, 'Bajo', 41),
    (10, 54, 'Bajo', 37),
    (11, 54, 'Experto', 168),
    (1, 57, 'Experto', 180),
    (2, 57, 'Medio', 54),
    (2, 52, 'Alto', 102),
    (15, 59, 'Experto', 100),
    (7, 59, 'Experto', 136),
    (17, 66, 'Medio', 58),
    (10, 579, 'Experto', 108),
    (9, 579, 'Experto', 136),
    (8, 579, 'Experto', 148),
    (18, 584, 'Bajo', 43),
    (3, 584, 'Medio', 60),
    (10, 584, 'Alto', 78),
    (5, 589, 'Experto', 152),
    (5, 77, 'Experto', 100),
    (17, 79, 'Bajo', 32),
    (3, 79, 'Alto', 129),
    (14, 602, 'Medio', 84),
    (8, 92, 'Experto', 124),
    (2, 92, 'Experto', 136),
    (13, 608, 'Alto', 84),
    (18, 608, 'Medio', 54),
    (6, 608, 'Bajo', 29),
    (8, 610, 'Experto', 164),
    (18, 610, 'Experto', 108),
    (10, 610, 'Bajo', 34),
    (12, 611, 'Bajo', 35),
    (1, 611, 'Alto', 84),
    (8, 99, 'Bajo', 42),
    (4, 99, 'Bajo', 25),
    (17, 102, 'Medio', 88),
    (12, 102, 'Alto', 108),
    (15, 102, 'Bajo', 27),
    (4, 108, 'Medio', 90),
    (13, 108, 'Medio', 56),
    (12, 108, 'Bajo', 32),
    (13, 112, 'Experto', 180),
    (14, 112, 'Bajo', 39),
    (5, 112, 'Medio', 70),
    (2, 624, 'Medio', 80),
    (9, 628, 'Bajo', 33),
    (12, 628, 'Bajo', 42),
    (4, 118, 'Medio', 62),
    (6, 121, 'Medio', 66),
    (5, 121, 'Experto', 128),
    (4, 121, 'Experto', 100),
    (8, 634, 'Bajo', 38),
    (10, 634, 'Experto', 132),
    (16, 634, 'Bajo', 26),
    (18, 123, 'Experto', 132),
    (7, 123, 'Alto', 96),
    (11, 123, 'Alto', 117),
    (4, 636, 'Alto', 132),
    (11, 127, 'Alto', 123),
    (19, 127, 'Medio', 50),
    (10, 641, 'Alto', 75),
    (18, 641, 'Bajo', 38),
    (9, 641, 'Bajo', 45),
    (14, 644, 'Medio', 72),
    (7, 644, 'Medio', 74),
    (8, 644, 'Experto', 168),
    (6, 135, 'Medio', 58),
    (11, 136, 'Experto', 112),
    (18, 136, 'Alto', 126),
    (17, 139, 'Medio', 90),
    (14, 139, 'Medio', 66),
    (12, 139, 'Experto', 160),
    (6, 140, 'Bajo', 35),
    (9, 142, 'Bajo', 27),
    (3, 142, 'Experto', 100),
    (8, 142, 'Medio', 50),
    (7, 144, 'Bajo', 41),
    (11, 144, 'Experto', 180),
    (5, 656, 'Medio', 90),
    (17, 656, 'Experto', 124),
    (7, 656, 'Medio', 82),
    (15, 659, 'Medio', 60),
    (14, 666, 'Experto', 164),
    (6, 669, 'Medio', 68),
    (18, 672, 'Experto', 120),
    (14, 161, 'Alto', 111),
    (9, 161, 'Bajo', 32),
    (13, 162, 'Medio', 62),
    (14, 162, 'Alto', 129),
    (16, 675, 'Experto', 144),
    (2, 164, 'Alto', 87),
    (14, 164, 'Medio', 68),
    (15, 164, 'Medio', 50),
    (2, 167, 'Medio', 88),
    (12, 167, 'Alto', 78),
    (18, 170, 'Alto', 126),
    (11, 170, 'Bajo', 42),
    (15, 171, 'Experto', 116),
    (16, 171, 'Medio', 66),
    (7, 686, 'Medio', 78),
    (6, 686, 'Medio', 76),
    (9, 686, 'Bajo', 35),
    (7, 688, 'Medio', 66),
    (14, 688, 'Medio', 82),
    (1, 688, 'Alto', 120),
    (18, 692, 'Bajo', 29),
    (5, 692, 'Alto', 90),
    (7, 695, 'Alto', 87),
    (18, 189, 'Experto', 112),
    (15, 190, 'Medio', 52),
    (2, 702, 'Bajo', 44),
    (1, 702, 'Alto', 96),
    (5, 705, 'Medio', 72),
    (5, 706, 'Medio', 74),
    (2, 706, 'Alto', 102),
    (9, 706, 'Alto', 117),
    (17, 197, 'Medio', 88),
    (14, 197, 'Alto', 84),
    (1, 197, 'Medio', 60),
    (12, 709, 'Alto', 114),
    (11, 709, 'Alto', 75),
    (11, 200, 'Bajo', 28),
    (14, 204, 'Alto', 78),
    (4, 204, 'Bajo', 39),
    (10, 204, 'Alto', 111),
    (9, 206, 'Alto', 111),
    (6, 206, 'Experto', 176),
    (17, 206, 'Alto', 102),
    (11, 209, 'Bajo', 31),
    (1, 722, 'Bajo', 35),
    (6, 214, 'Bajo', 40),
    (8, 214, 'Medio', 84),
    (17, 214, 'Medio', 78),
    (12, 217, 'Alto', 123),
    (18, 732, 'Alto', 111),
    (10, 733, 'Experto', 148),
    (14, 733, 'Experto', 180),
    (1, 733, 'Alto', 99),
    (2, 222, 'Alto', 117),
    (2, 220, 'Bajo', 45),
    (3, 220, 'Bajo', 45),
    (16, 736, 'Bajo', 42),
    (15, 736, 'Alto', 132),
    (15, 745, 'Alto', 132),
    (6, 745, 'Bajo', 43),
    (16, 745, 'Experto', 116),
    (18, 236, 'Medio', 64),
    (9, 236, 'Bajo', 39),
    (5, 749, 'Medio', 84),
    (15, 749, 'Experto', 132),
    (11, 237, 'Bajo', 27),
    (10, 237, 'Alto', 84),
    (19, 237, 'Alto', 120),
    (10, 751, 'Experto', 164),
    (12, 751, 'Alto', 102),
    (15, 752, 'Alto', 126),
    (18, 242, 'Alto', 105),
    (3, 242, 'Bajo', 37),
    (7, 242, 'Alto', 135),
    (17, 755, 'Bajo', 29),
    (12, 755, 'Medio', 66),
    (1, 755, 'Medio', 70),
    (17, 754, 'Experto', 148),
    (3, 754, 'Experto', 164),
    (5, 247, 'Experto', 148),
    (2, 760, 'Alto', 87),
    (5, 760, 'Experto', 156),
    (10, 765, 'Experto', 108),
    (7, 255, 'Medio', 50),
    (17, 255, 'Medio', 90),
    (18, 257, 'Alto', 96),
    (4, 257, 'Bajo', 38),
    (3, 257, 'Bajo', 30),
    (8, 770, 'Alto', 135),
    (8, 260, 'Experto', 136),
    (3, 260, 'Experto', 144),
    (7, 260, 'Alto', 114),
    (5, 775, 'Bajo', 36),
    (17, 775, 'Alto', 96),
    (10, 775, 'Medio', 84),
    (13, 267, 'Alto', 123),
    (7, 267, 'Bajo', 40),
    (11, 267, 'Medio', 56),
    (8, 780, 'Alto', 87),
    (13, 783, 'Medio', 80),
    (5, 783, 'Medio', 56),
    (16, 783, 'Alto', 126),
    (1, 272, 'Bajo', 38),
    (5, 272, 'Bajo', 28),
    (6, 788, 'Medio', 82),
    (1, 278, 'Bajo', 29),
    (10, 278, 'Alto', 111),
    (5, 280, 'Experto', 176),
    (18, 280, 'Medio', 84),
    (2, 280, 'Experto', 140),
    (7, 281, 'Alto', 135),
    (19, 281, 'Bajo', 34),
    (17, 281, 'Bajo', 42),
    (1, 798, 'Medio', 72),
    (18, 798, 'Alto', 105),
    (17, 801, 'Bajo', 37),
    (8, 801, 'Medio', 86),
    (15, 290, 'Medio', 66),
    (6, 293, 'Bajo', 41),
    (13, 806, 'Bajo', 26),
    (11, 806, 'Bajo', 41),
    (7, 806, 'Bajo', 28),
    (17, 809, 'Bajo', 44),
    (18, 305, 'Medio', 64),
    (16, 305, 'Medio', 80),
    (16, 309, 'Bajo', 29),
    (18, 822, 'Medio', 52),
    (8, 822, 'Bajo', 35),
    (15, 822, 'Bajo', 25),
    (1, 312, 'Experto', 168),
    (15, 314, 'Alto', 120),
    (14, 315, 'Experto', 152),
    (8, 331, 'Experto', 160),
    (11, 336, 'Bajo', 38),
    (4, 336, 'Bajo', 27),
    (17, 336, 'Bajo', 30),
    (17, 337, 'Alto', 81),
    (4, 337, 'Alto', 114),
    (13, 851, 'Experto', 112),
    (15, 851, 'Experto', 120),
    (1, 851, 'Medio', 66),
    (6, 855, 'Medio', 52),
    (17, 344, 'Bajo', 26),
    (5, 344, 'Experto', 136),
    (17, 347, 'Medio', 84),
    (13, 348, 'Alto', 120),
    (12, 348, 'Bajo', 29),
    (9, 348, 'Bajo', 32),
    (2, 353, 'Bajo', 31),
    (17, 353, 'Bajo', 40),
    (9, 353, 'Alto', 123),
    (11, 866, 'Medio', 66),
    (7, 866, 'Bajo', 39),
    (17, 357, 'Medio', 72),
    (8, 869, 'Medio', 54),
    (14, 374, 'Medio', 68),
    (11, 374, 'Alto', 96),
    (12, 374, 'Alto', 132),
    (9, 376, 'Experto', 152),
    (5, 376, 'Medio', 72),
    (6, 377, 'Medio', 84),
    (5, 890, 'Bajo', 39),
    (4, 890, 'Experto', 168),
    (3, 894, 'Experto', 100),
    (1, 384, 'Medio', 84),
    (10, 897, 'Experto', 100),
    (13, 387, 'Alto', 105),
    (6, 387, 'Alto', 84),
    (7, 902, 'Alto', 123),
    (12, 902, 'Experto', 104),
    (8, 397, 'Experto', 176),
    (8, 398, 'Alto', 105),
    (10, 398, 'Alto', 117),
    (16, 398, 'Medio', 62),
    (9, 401, 'Medio', 68),
    (15, 401, 'Bajo', 40),
    (17, 404, 'Bajo', 34),
    (9, 404, 'Bajo', 38),
    (5, 404, 'Alto', 87),
    (3, 917, 'Medio', 58),
    (6, 410, 'Alto', 90),
    (17, 923, 'Medio', 80),
    (13, 923, 'Alto', 117),
    (16, 414, 'Experto', 176),
    (5, 931, 'Medio', 68),
    (14, 931, 'Experto', 148),
    (13, 419, 'Bajo', 25),
    (19, 933, 'Medio', 74),
    (3, 933, 'Medio', 78),
    (10, 933, 'Experto', 116),
    (11, 934, 'Bajo', 39),
    (18, 934, 'Alto', 96),
    (18, 423, 'Bajo', 44),
    (12, 937, 'Medio', 54),
    (10, 937, 'Bajo', 38),
    (9, 942, 'Alto', 117),
    (17, 432, 'Medio', 58),
    (10, 432, 'Medio', 90),
    (3, 435, 'Medio', 68),
    (14, 435, 'Bajo', 44),
    (9, 443, 'Experto', 156),
    (16, 443, 'Bajo', 43),
    (1, 445, 'Experto', 176),
    (18, 445, 'Medio', 64),
    (17, 959, 'Bajo', 34),
    (2, 959, 'Alto', 90),
    (14, 453, 'Bajo', 28),
    (4, 453, 'Experto', 120),
    (18, 454, 'Medio', 82),
    (4, 454, 'Medio', 72),
    (9, 454, 'Bajo', 38),
    (3, 455, 'Alto', 102),
    (6, 457, 'Bajo', 27),
    (5, 457, 'Medio', 64),
    (10, 970, 'Alto', 132),
    (4, 973, 'Experto', 180),
    (19, 468, 'Bajo', 29),
    (11, 468, 'Alto', 96),
    (15, 982, 'Medio', 86),
    (7, 982, 'Bajo', 33),
    (14, 471, 'Alto', 108),
    (18, 471, 'Alto', 105),
    (2, 472, 'Alto', 120),
    (17, 472, 'Alto', 99),
    (1, 480, 'Bajo', 38),
    (14, 491, 'Experto', 140);

INSERT INTO "public"."telefono_empleado"(legajo, telefono_empleado)
VALUES
    (1, 87437),
    (2, 64748),
    (3, 75457),
    (4, 27723),
    (5, 27014),
    (6, 31445),
    (7, 13407),
    (8, 93822),
    (9, 31036),
    (10, 29703),
    (11, 45852),
    (12, 41278),
    (13, 73208),
    (14, 92141),
    (15, 84807),
    (16, 80208),
    (17, 38953),
    (18, 75331),
    (19, 15748),
    (20, 35125),
    (21, 82892),
    (22, 87049),
    (23, 73669),
    (24, 24981),
    (25, 94101),
    (26, 61242),
    (27, 76694),
    (28, 56801),
    (29, 88419),
    (30, 89827),
    (31, 81874),
    (32, 31527),
    (33, 88102),
    (34, 56330),
    (35, 84750),
    (36, 23839),
    (37, 12547),
    (38, 28551),
    (39, 40923),
    (40, 58189),
    (41, 70801),
    (42, 95620),
    (43, 85198),
    (44, 42881),
    (45, 98080),
    (46, 17608),
    (47, 78128),
    (48, 74893),
    (49, 86442),
    (50, 29849),
    (51, 20780),
    (52, 97992),
    (53, 53131),
    (54, 97403),
    (55, 62373),
    (56, 96423),
    (57, 21140),
    (58, 75556),
    (59, 81995),
    (60, 99014),
    (61, 78998),
    (62, 72203),
    (63, 85424),
    (64, 73750),
    (65, 40163),
    (66, 78222),
    (67, 25382),
    (68, 32300),
    (69, 27714),
    (70, 95676),
    (71, 85452),
    (72, 49684),
    (73, 22671),
    (74, 20303),
    (75, 30406),
    (76, 41308),
    (77, 82779),
    (78, 21700),
    (79, 60758),
    (80, 57790),
    (81, 96451),
    (82, 61910),
    (83, 67014),
    (84, 44804),
    (85, 39262),
    (86, 42285),
    (87, 15121),
    (88, 34489),
    (89, 48022),
    (90, 55439),
    (91, 31371),
    (92, 34503),
    (93, 59094),
    (94, 66270),
    (95, 68743),
    (96, 41032),
    (97, 70203),
    (98, 82906),
    (99, 80185),
    (100, 70451),
    (101, 69781),
    (102, 32510),
    (103, 76380),
    (104, 87551),
    (105, 28154),
    (106, 98295),
    (107, 60786),
    (108, 90521),
    (109, 99264),
    (110, 55653),
    (111, 87635),
    (112, 64883),
    (113, 46593),
    (114, 93905),
    (115, 32715),
    (116, 26346),
    (117, 49087),
    (118, 63481),
    (119, 20219),
    (120, 79557),
    (121, 82006),
    (122, 33098),
    (123, 97676),
    (124, 18066),
    (125, 51763),
    (126, 74802),
    (127, 83332),
    (128, 77543),
    (129, 19083),
    (130, 98807),
    (131, 68321),
    (132, 45567),
    (133, 95599),
    (134, 26915),
    (135, 83745),
    (136, 66409),
    (137, 21092),
    (138, 42459),
    (139, 58578),
    (140, 35303),
    (141, 46936),
    (142, 71696),
    (143, 77927),
    (144, 44293),
    (145, 68462),
    (146, 47951),
    (147, 30053),
    (148, 64572),
    (149, 43153),
    (150, 56562),
    (151, 15186),
    (152, 75455),
    (153, 90908),
    (154, 53253),
    (155, 14276),
    (156, 64306),
    (157, 24755),
    (158, 38815),
    (159, 81198),
    (160, 23807),
    (161, 45611),
    (162, 71122),
    (163, 65065),
    (164, 47498),
    (165, 76374),
    (166, 91204),
    (167, 91203),
    (168, 57024),
    (169, 68165),
    (170, 88125),
    (171, 36716),
    (172, 29625),
    (173, 95160),
    (174, 26376),
    (175, 19490),
    (176, 45033),
    (177, 69986),
    (178, 42015),
    (179, 45998),
    (180, 23721),
    (181, 27763),
    (182, 30316),
    (183, 59146),
    (184, 69999),
    (185, 75354),
    (186, 93126),
    (187, 94207),
    (188, 42912),
    (189, 92225),
    (190, 79257),
    (191, 90161),
    (192, 42179),
    (193, 78478),
    (194, 44124),
    (195, 31826),
    (196, 34219),
    (197, 59065),
    (198, 25472),
    (199, 97327),
    (200, 20767),
    (201, 37165),
    (202, 76192),
    (203, 33611),
    (204, 65546),
    (205, 96836),
    (206, 80328),
    (207, 18945),
    (208, 37533),
    (209, 80795),
    (210, 62951),
    (211, 74368),
    (212, 26066),
    (213, 72471),
    (214, 79673),
    (215, 74357),
    (216, 12032),
    (217, 68572),
    (218, 18481),
    (219, 27031),
    (220, 89846),
    (221, 37034),
    (222, 54597),
    (223, 57265),
    (224, 92289),
    (225, 84129),
    (226, 76502),
    (227, 26765),
    (228, 52670),
    (229, 56069),
    (230, 21810),
    (231, 15254),
    (232, 38815),
    (233, 78165),
    (234, 20480),
    (235, 29491),
    (236, 69973),
    (237, 45453),
    (238, 13716),
    (239, 58825),
    (240, 59201),
    (241, 80766),
    (242, 73124),
    (243, 41093),
    (244, 54545),
    (245, 69908),
    (246, 82005),
    (247, 47374),
    (248, 37316),
    (249, 96534),
    (250, 75509),
    (251, 94151),
    (252, 45082),
    (253, 15680),
    (254, 39559),
    (255, 85646),
    (256, 99825),
    (257, 80793),
    (258, 60314),
    (259, 15929),
    (260, 96507),
    (261, 22707),
    (262, 29822),
    (263, 88538),
    (264, 39679),
    (265, 22924),
    (266, 36908),
    (267, 42442),
    (268, 88770),
    (269, 91632),
    (270, 31903),
    (271, 59464),
    (272, 34963),
    (273, 75805),
    (274, 71347),
    (275, 28329),
    (276, 61385),
    (277, 34482),
    (278, 96267),
    (279, 72864),
    (280, 29193),
    (281, 46147),
    (282, 47869),
    (283, 47981),
    (284, 93513),
    (285, 70582),
    (286, 54519),
    (287, 71276),
    (288, 81858),
    (289, 43266),
    (290, 14415),
    (291, 41869),
    (292, 33127),
    (293, 96608),
    (294, 90258),
    (295, 92436),
    (296, 29576),
    (297, 28544),
    (298, 95925),
    (299, 14563),
    (300, 27110),
    (301, 37032),
    (302, 65959),
    (303, 72902),
    (304, 35143),
    (305, 92695),
    (306, 68056),
    (307, 63724),
    (308, 95840),
    (309, 39174),
    (310, 33185),
    (311, 46768),
    (312, 88118),
    (313, 76114),
    (314, 39381),
    (315, 59727),
    (316, 72563),
    (317, 82961),
    (318, 88277),
    (319, 50854),
    (320, 12453),
    (321, 76617),
    (322, 32846),
    (323, 65251),
    (324, 57656),
    (325, 74110),
    (326, 42435),
    (327, 64480),
    (328, 71247),
    (329, 19758),
    (330, 19413),
    (331, 97636),
    (332, 45871),
    (333, 99353),
    (334, 45881),
    (335, 38353),
    (336, 58953),
    (337, 64240),
    (338, 71312),
    (339, 72445),
    (340, 13335),
    (341, 41046),
    (342, 49011),
    (343, 85225),
    (344, 49792),
    (345, 13270),
    (346, 45312),
    (347, 26144),
    (348, 90241),
    (349, 57116),
    (350, 71487),
    (351, 35401),
    (352, 34456),
    (353, 49153),
    (354, 24555),
    (355, 76847),
    (356, 97804),
    (357, 62912),
    (358, 96830),
    (359, 12661),
    (360, 55933),
    (361, 45124),
    (362, 63306),
    (363, 28025),
    (364, 96570),
    (365, 34592),
    (366, 73902),
    (367, 92918),
    (368, 88940),
    (369, 78485),
    (370, 73046),
    (371, 92533),
    (372, 97663),
    (373, 29378),
    (374, 94521),
    (375, 67459),
    (376, 76930),
    (377, 97985),
    (378, 99964),
    (379, 23646),
    (380, 26506),
    (381, 88254),
    (382, 15272),
    (383, 73623),
    (384, 52846),
    (385, 83229),
    (386, 92192),
    (387, 33156),
    (388, 39124),
    (389, 42800),
    (390, 94124),
    (391, 96108),
    (392, 44410),
    (393, 57722),
    (394, 94069),
    (395, 70763),
    (396, 36077),
    (397, 29644),
    (398, 73120),
    (399, 83861),
    (400, 76297),
    (401, 47486),
    (402, 84706),
    (403, 30473),
    (404, 16659),
    (405, 57381),
    (406, 62261),
    (407, 43394),
    (408, 98386),
    (409, 81270),
    (410, 56771),
    (411, 63889),
    (412, 21377),
    (413, 55877),
    (414, 65108),
    (415, 19883),
    (416, 48332),
    (417, 47175),
    (418, 85257),
    (419, 76038),
    (420, 38216),
    (421, 84784),
    (422, 45000),
    (423, 22400),
    (424, 70198),
    (425, 96908),
    (426, 57535),
    (427, 48137),
    (428, 34422),
    (429, 89886),
    (430, 66495),
    (431, 39385),
    (432, 28251),
    (433, 49778),
    (434, 29562),
    (435, 38660),
    (436, 64481),
    (437, 77066),
    (438, 70803),
    (439, 89009),
    (440, 75491),
    (441, 40702),
    (442, 83239),
    (443, 60134),
    (444, 52255),
    (445, 16302),
    (446, 81808),
    (447, 83858),
    (448, 48201),
    (449, 82364),
    (450, 43156),
    (451, 90760),
    (452, 85419),
    (453, 72330),
    (454, 18117),
    (455, 61663),
    (456, 69386),
    (457, 11909),
    (458, 80556),
    (459, 24292),
    (460, 58860),
    (461, 53123),
    (462, 98496),
    (463, 80633),
    (464, 91844),
    (465, 85379),
    (466, 27411),
    (467, 34860),
    (468, 73210),
    (469, 18618),
    (470, 31256),
    (471, 87301),
    (472, 95583),
    (473, 54508),
    (474, 88137),
    (475, 35030),
    (476, 46518),
    (477, 44042),
    (478, 46955),
    (479, 96833),
    (480, 66347),
    (481, 76989),
    (482, 66919),
    (483, 59929),
    (484, 17645),
    (485, 15198),
    (486, 27400),
    (487, 76865),
    (488, 71563),
    (489, 53932),
    (490, 64569),
    (491, 58054),
    (492, 27663),
    (493, 33604),
    (494, 40742),
    (495, 15864),
    (496, 38072),
    (497, 24745),
    (498, 45294),
    (499, 28779),
    (500, 49073),
    (501, 23535),
    (502, 26599),
    (503, 42335),
    (504, 31248),
    (505, 52646),
    (506, 26598),
    (507, 74287),
    (508, 77434),
    (509, 90514),
    (510, 38299),
    (511, 58393),
    (512, 26607),
    (513, 57326),
    (514, 21388),
    (515, 36567),
    (516, 92199),
    (517, 24861),
    (518, 18764),
    (519, 79106),
    (520, 70823),
    (521, 89445),
    (522, 87686),
    (523, 27774),
    (524, 82243),
    (525, 48383),
    (526, 62204),
    (527, 25097),
    (528, 24696),
    (529, 94295),
    (530, 61318),
    (531, 14606),
    (532, 93387),
    (533, 67689),
    (534, 75213),
    (535, 59438),
    (536, 97008),
    (537, 76524),
    (538, 18181),
    (539, 28215),
    (540, 11993),
    (541, 43008),
    (542, 61458),
    (543, 39082),
    (544, 49306),
    (545, 71323),
    (546, 63211),
    (547, 81213),
    (548, 22960),
    (549, 11570),
    (550, 77829),
    (551, 95868),
    (552, 30394),
    (553, 73037),
    (554, 20934),
    (555, 66990),
    (556, 44210),
    (557, 38265),
    (558, 38257),
    (559, 13527),
    (560, 26062),
    (561, 51738),
    (562, 24723),
    (563, 63075),
    (564, 22225),
    (565, 93826),
    (566, 88412),
    (567, 98663),
    (568, 65898),
    (569, 21578),
    (570, 13138),
    (571, 19231),
    (572, 82099),
    (573, 66799),
    (574, 66033),
    (575, 41732),
    (576, 32621),
    (577, 19479),
    (578, 82336),
    (579, 47636),
    (580, 93158),
    (581, 27420),
    (582, 18533),
    (583, 32197),
    (584, 69918),
    (585, 53042),
    (586, 81429),
    (587, 20485),
    (588, 73130),
    (589, 40093),
    (590, 43366),
    (591, 27165),
    (592, 51453),
    (593, 43783),
    (594, 18143),
    (595, 51860),
    (596, 57118),
    (597, 73778),
    (598, 21867),
    (599, 58787),
    (600, 87258),
    (601, 50680),
    (602, 77070),
    (603, 43755),
    (604, 23019),
    (605, 91261),
    (606, 76960),
    (607, 25318),
    (608, 80459),
    (609, 44156),
    (610, 59419),
    (611, 53651),
    (612, 92732),
    (613, 46228),
    (614, 18985),
    (615, 80854),
    (616, 66186),
    (617, 87687),
    (618, 26115),
    (619, 78050),
    (620, 38296),
    (621, 36932),
    (622, 36655),
    (623, 66070),
    (624, 47786),
    (625, 42789),
    (626, 95940),
    (627, 62720),
    (628, 39564),
    (629, 91193),
    (630, 85679),
    (631, 31993),
    (632, 76459),
    (633, 15853),
    (634, 50744),
    (635, 66237),
    (636, 15571),
    (637, 40055),
    (638, 35366),
    (639, 80587),
    (640, 95304),
    (641, 26650),
    (642, 65670),
    (643, 59001),
    (644, 48405),
    (645, 98190),
    (646, 15447),
    (647, 88206),
    (648, 21399),
    (649, 39291),
    (650, 75416),
    (651, 81071),
    (652, 29888),
    (653, 21527),
    (654, 52823),
    (655, 40705),
    (656, 21028),
    (657, 55468),
    (658, 58765),
    (659, 80063),
    (660, 55958),
    (661, 41571),
    (662, 25793),
    (663, 73269),
    (664, 83468),
    (665, 96787),
    (666, 75626),
    (667, 19806),
    (668, 28608),
    (669, 89787),
    (670, 53425),
    (671, 51442),
    (672, 38192),
    (673, 13279),
    (674, 17323),
    (675, 41378),
    (676, 57192),
    (677, 69742),
    (678, 44921),
    (679, 65067),
    (680, 91281),
    (681, 85309),
    (682, 53865),
    (683, 48703),
    (684, 46226),
    (685, 98777),
    (686, 82295),
    (687, 41974),
    (688, 84001),
    (689, 72235),
    (690, 36628),
    (691, 41821),
    (692, 24366),
    (693, 17682),
    (694, 33354),
    (695, 45772),
    (696, 34603),
    (697, 59912),
    (698, 29233),
    (699, 77223),
    (700, 33324),
    (701, 52304),
    (702, 86961),
    (703, 32521),
    (704, 46341),
    (705, 55331),
    (706, 98416),
    (707, 99583),
    (708, 43286),
    (709, 35053),
    (710, 83537),
    (711, 84094),
    (712, 42903),
    (713, 89582),
    (714, 64239),
    (715, 75988),
    (716, 23300),
    (717, 46473),
    (718, 24405),
    (719, 70247),
    (720, 29427),
    (721, 57903),
    (722, 62658),
    (723, 16968),
    (724, 83143),
    (725, 49063),
    (726, 88021),
    (727, 81984),
    (728, 71305),
    (729, 52758),
    (730, 41962),
    (731, 66024),
    (732, 39123),
    (733, 31187),
    (734, 81146),
    (735, 61773),
    (736, 25844),
    (737, 41947),
    (738, 92636),
    (739, 32760),
    (740, 70625),
    (741, 73007),
    (742, 89632),
    (743, 93374),
    (744, 95810),
    (745, 57188),
    (746, 50084),
    (747, 94482),
    (748, 36383),
    (749, 37440),
    (750, 67108),
    (751, 22936),
    (752, 73870),
    (753, 81517),
    (754, 91237),
    (755, 41660),
    (756, 80026),
    (757, 21505),
    (758, 45723),
    (759, 50949),
    (760, 19389),
    (761, 16325),
    (762, 44024),
    (763, 64992),
    (764, 85433),
    (765, 88844),
    (766, 33424),
    (767, 61199),
    (768, 25366),
    (769, 52612),
    (770, 26195),
    (771, 84690),
    (772, 70730),
    (773, 46228),
    (774, 69397),
    (775, 77924),
    (776, 47533),
    (777, 71504),
    (778, 22558),
    (779, 76965),
    (780, 92654),
    (781, 56136),
    (782, 66418),
    (783, 89366),
    (784, 64594),
    (785, 83854),
    (786, 23537),
    (787, 50441),
    (788, 78437),
    (789, 97645),
    (790, 57130),
    (791, 64026),
    (792, 15584),
    (793, 42429),
    (794, 38229),
    (795, 87114),
    (796, 73571),
    (797, 34866),
    (798, 95342),
    (799, 73305),
    (800, 44194),
    (801, 72605),
    (802, 72603),
    (803, 48574),
    (804, 19972),
    (805, 93049),
    (806, 68278),
    (807, 91392),
    (808, 34724),
    (809, 80252),
    (810, 68640),
    (811, 29248),
    (812, 71939),
    (813, 84260),
    (814, 65827),
    (815, 57832),
    (816, 97164),
    (817, 39384),
    (818, 41811),
    (819, 49921),
    (820, 40682),
    (821, 57330),
    (822, 32586),
    (823, 88537),
    (824, 24375),
    (825, 28088),
    (826, 72007),
    (827, 57380),
    (828, 71806),
    (829, 70460),
    (830, 50557),
    (831, 50900),
    (832, 76436),
    (833, 90705),
    (834, 99534),
    (835, 86434),
    (836, 59130),
    (837, 86415),
    (838, 76724),
    (839, 59511),
    (840, 80103),
    (841, 25208),
    (842, 57830),
    (843, 67731),
    (844, 59931),
    (845, 23879),
    (846, 45538),
    (847, 17459),
    (848, 80775),
    (849, 42395),
    (850, 28234),
    (851, 26434),
    (852, 32682),
    (853, 93212),
    (854, 53789),
    (855, 53792),
    (856, 68486),
    (857, 79874),
    (858, 52463),
    (859, 38701),
    (860, 27044),
    (861, 55717),
    (862, 68126),
    (863, 69986),
    (864, 74973),
    (865, 65988),
    (866, 37465),
    (867, 13420),
    (868, 55922),
    (869, 88707),
    (870, 55222),
    (871, 39551),
    (872, 47065),
    (873, 13244),
    (874, 90151),
    (875, 51897),
    (876, 65513),
    (877, 90768),
    (878, 31109),
    (879, 49076),
    (880, 47587),
    (881, 14430),
    (882, 67662),
    (883, 59034),
    (884, 29518),
    (885, 85340),
    (886, 22431),
    (887, 26798),
    (888, 79748),
    (889, 97834),
    (890, 82633),
    (891, 57119),
    (892, 90311),
    (893, 21939),
    (894, 92442),
    (895, 56662),
    (896, 57336),
    (897, 19121),
    (898, 57852),
    (899, 85746),
    (900, 11172),
    (901, 25668),
    (902, 89679),
    (903, 22899),
    (904, 26385),
    (905, 36733),
    (906, 91789),
    (907, 95777),
    (908, 62131),
    (909, 90483),
    (910, 61800),
    (911, 76729),
    (912, 71270),
    (913, 87713),
    (914, 96162),
    (915, 84770),
    (916, 27392),
    (917, 53031),
    (918, 34242),
    (919, 15731),
    (920, 90535),
    (921, 23667),
    (922, 30719),
    (923, 46756),
    (924, 37511),
    (925, 40220),
    (926, 40212),
    (927, 12516),
    (928, 29912),
    (929, 83114),
    (930, 15274),
    (931, 95178),
    (932, 21252),
    (933, 68247),
    (934, 97205),
    (935, 53645),
    (936, 95195),
    (937, 78623),
    (938, 88154),
    (939, 70762),
    (940, 45829),
    (941, 48205),
    (942, 85476),
    (943, 29925),
    (944, 63750),
    (945, 31210),
    (946, 82522),
    (947, 34745),
    (948, 35844),
    (949, 53323),
    (950, 42203),
    (951, 37201),
    (952, 70578),
    (953, 95837),
    (954, 74684),
    (955, 69665),
    (956, 19833),
    (957, 97984),
    (958, 81168),
    (959, 48298),
    (960, 57066),
    (961, 33557),
    (962, 21367),
    (963, 97871),
    (964, 77374),
    (965, 38594),
    (966, 43416),
    (967, 88811),
    (968, 63467),
    (969, 72086),
    (970, 51868),
    (971, 20852),
    (972, 40140),
    (973, 57941),
    (974, 26979),
    (975, 27271),
    (976, 50915),
    (977, 79982),
    (978, 35129),
    (979, 20768),
    (980, 64968),
    (981, 37395),
    (982, 17353),
    (983, 94880),
    (984, 37292),
    (985, 93611),
    (986, 34013),
    (987, 59579),
    (988, 51005),
    (989, 81546),
    (990, 80846),
    (991, 53069),
    (992, 66708),
    (993, 64719),
    (994, 38451),
    (995, 28596),
    (996, 60164),
    (997, 98524),
    (998, 84793),
    (999, 89383),
    (1000, 84609);